Date,Price,Open,High,Low,Vol.,Change %
04/28/2026,"7,138.80","7,133.74","7,152.52","7,115.17",,-0.49%
04/27/2026,"7,173.91","7,152.72","7,178.74","7,146.72",,0.12%
04/24/2026,"7,165.08","7,136.48","7,168.59","7,112.82",,0.80%
04/23/2026,"7,108.40","7,118.80","7,147.78","7,046.55",,-0.41%
04/22/2026,"7,137.90","7,102.91","7,138.64","7,102.91",,1.05%
04/21/2026,"7,064.01","7,122.64","7,137.27","7,050.20",,-0.63%
04/20/2026,"7,109.14","7,117.05","7,122.65","7,084.41",,-0.24%
04/17/2026,"7,126.06","7,074.55","7,147.52","7,074.55",,1.20%
04/16/2026,"7,041.28","7,037.78","7,051.23","7,008.52",,0.26%
04/15/2026,"7,022.95","6,978.17","7,026.24","6,967.13",,0.80%
04/14/2026,"6,967.38","6,910.20","6,969.42","6,905.17",,1.18%
04/13/2026,"6,886.24","6,806.47","6,887.00","6,790.02",,1.02%
04/10/2026,"6,816.89","6,839.24","6,845.77","6,808.46",,-0.11%
04/09/2026,"6,824.66","6,783.69","6,835.31","6,761.55",,0.62%
04/08/2026,"6,782.81","6,754.36","6,793.50","6,740.28",,2.51%
04/07/2026,"6,616.85","6,601.93","6,618.26","6,534.55",,0.08%
04/06/2026,"6,611.83","6,587.66","6,618.13","6,579.72",,0.44%
04/02/2026,"6,582.69","6,512.61","6,601.91","6,474.94",,0.11%
04/01/2026,"6,575.32","6,556.56","6,609.67","6,554.29",,0.72%
03/31/2026,"6,528.52","6,395.88","6,539.05","6,395.88",,2.91%
03/30/2026,"6,343.72","6,403.37","6,427.31","6,316.91",,-0.39%
03/27/2026,"6,368.85","6,453.89","6,453.89","6,356.08",,-1.67%
03/26/2026,"6,477.16","6,555.86","6,573.22","6,473.79",,-1.74%
03/25/2026,"6,591.90","6,598.35","6,633.94","6,568.41",,0.54%
03/24/2026,"6,556.37","6,552.09","6,595.75","6,525.11",,-0.37%
03/23/2026,"6,581.00","6,574.96","6,651.62","6,565.55",,1.15%
03/20/2026,"6,506.48","6,594.66","6,594.66","6,473.52",,-1.51%
03/19/2026,"6,606.49","6,583.12","6,636.74","6,557.82",,-0.27%
03/18/2026,"6,624.70","6,697.16","6,705.18","6,621.66",,-1.36%
03/17/2026,"6,716.09","6,722.35","6,754.30","6,710.80",,0.25%
03/16/2026,"6,699.38","6,674.37","6,729.79","6,674.37",,1.01%
03/13/2026,"6,632.19","6,673.49","6,733.30","6,623.92",,-0.61%
03/12/2026,"6,672.62","6,740.88","6,740.88","6,670.40",,-1.52%
03/11/2026,"6,775.80","6,790.09","6,811.15","6,745.59",,-0.08%
03/10/2026,"6,781.48","6,796.56","6,845.08","6,759.74",,-0.21%
03/09/2026,"6,795.99","6,699.80","6,810.44","6,636.04",,0.83%
03/06/2026,"6,740.02","6,769.03","6,773.42","6,711.56",,-1.33%
03/05/2026,"6,830.71","6,851.08","6,870.43","6,770.78",,-0.56%
03/04/2026,"6,869.50","6,831.69","6,885.94","6,811.64",,0.78%
03/03/2026,"6,816.63","6,800.26","6,840.05","6,710.42",,-0.94%
03/02/2026,"6,881.62","6,824.36","6,901.01","6,796.85",,0.04%
02/27/2026,"6,878.88","6,856.54","6,882.96","6,831.74",,-0.43%
02/26/2026,"6,908.86","6,944.74","6,947.25","6,859.73",,-0.54%
02/25/2026,"6,946.13","6,915.15","6,952.51","6,915.15",,0.81%
02/24/2026,"6,890.07","6,837.37","6,899.17","6,815.43",,0.77%
02/23/2026,"6,837.75","6,901.25","6,916.96","6,819.82",,-1.04%
02/20/2026,"6,909.51","6,843.26","6,915.86","6,836.33",,0.69%
02/19/2026,"6,861.89","6,861.34","6,879.12","6,833.06",,-0.28%
02/18/2026,"6,881.31","6,855.48","6,909.12","6,849.66",,0.56%
02/17/2026,"6,843.22","6,819.86","6,866.99","6,775.50",,0.10%
02/13/2026,"6,836.17","6,834.27","6,881.96","6,794.55",,0.05%
02/12/2026,"6,832.76","6,957.54","6,973.22","6,824.04",,-1.57%
02/11/2026,"6,941.47","6,976.48","6,993.48","6,911.97",,0.00%
02/10/2026,"6,941.81","6,974.49","6,986.83","6,937.53",,-0.33%
02/09/2026,"6,964.82","6,917.26","6,980.10","6,905.87",,0.47%
02/06/2026,"6,932.30","6,816.74","6,944.89","6,816.74",,1.97%
02/05/2026,"6,798.40","6,837.39","6,857.85","6,780.13",,-1.23%
02/04/2026,"6,882.72","6,924.50","6,936.09","6,838.80",,-0.51%
02/03/2026,"6,917.81","6,985.45","6,993.08","6,862.05",,-0.84%
02/02/2026,"6,976.44","6,916.64","6,991.92","6,914.34",,0.54%
01/30/2026,"6,939.03","6,947.27","6,964.09","6,893.48",,-0.43%
01/29/2026,"6,969.01","6,977.74","6,992.84","6,870.80",,-0.13%
01/28/2026,"6,978.03","7,002.00","7,002.28","6,963.46",,-0.01%
01/27/2026,"6,978.60","6,965.96","6,988.82","6,958.83",,0.41%
01/26/2026,"6,950.23","6,923.23","6,964.66","6,921.60",,0.50%
01/23/2026,"6,915.61","6,907.85","6,932.96","6,895.50",,0.03%
01/22/2026,"6,913.35","6,914.44","6,934.75","6,893.62",,0.55%
01/21/2026,"6,875.62","6,810.71","6,910.39","6,804.96",,1.16%
01/20/2026,"6,796.86","6,865.24","6,871.17","6,789.05",,-2.06%
01/16/2026,"6,940.01","6,960.54","6,967.30","6,925.09",,-0.06%
01/15/2026,"6,944.47","6,969.46","6,979.34","6,937.93",,0.26%
01/14/2026,"6,926.60","6,937.41","6,941.30","6,885.74",,-0.53%
01/13/2026,"6,963.74","6,977.41","6,985.83","6,938.77",,-0.19%
01/12/2026,"6,977.27","6,944.12","6,986.33","6,934.07",,0.16%
01/09/2026,"6,966.28","6,927.83","6,978.36","6,917.64",,0.65%
01/08/2026,"6,921.46","6,914.11","6,931.28","6,899.33",,0.01%
01/07/2026,"6,920.93","6,945.07","6,965.69","6,919.19",,-0.34%
01/06/2026,"6,944.82","6,908.03","6,948.69","6,904.02",,0.62%
01/05/2026,"6,902.05","6,892.19","6,920.38","6,891.56",,0.64%
01/02/2026,"6,858.47","6,878.11","6,894.87","6,824.31",,0.19%
12/31/2025,"6,845.50","6,898.82","6,901.42","6,844.55",,-0.74%
12/30/2025,"6,896.24","6,900.44","6,913.25","6,893.47",,-0.14%
12/29/2025,"6,905.74","6,903.60","6,920.21","6,888.76",,-0.35%
12/26/2025,"6,929.94","6,936.02","6,945.77","6,921.60",,-0.03%
12/24/2025,"6,932.05","6,904.91","6,937.32","6,904.91",,0.32%
12/23/2025,"6,909.79","6,872.41","6,910.88","6,868.81",,0.46%
12/22/2025,"6,878.49","6,865.21","6,882.03","6,855.74",,0.64%
12/19/2025,"6,834.50","6,792.62","6,840.02","6,792.62",,0.88%
12/18/2025,"6,774.76","6,778.06","6,816.13","6,758.50",,0.79%
12/17/2025,"6,721.43","6,802.88","6,812.26","6,720.43",,-1.16%
12/16/2025,"6,800.26","6,800.12","6,819.27","6,759.74",,-0.24%
12/15/2025,"6,816.51","6,860.19","6,861.59","6,801.49",,-0.16%
12/12/2025,"6,827.41","6,886.85","6,899.85","6,801.79",,-1.07%
12/11/2025,"6,901.00","6,861.30","6,903.46","6,833.45",,0.21%
12/10/2025,"6,886.68","6,833.49","6,900.67","6,824.69",,0.67%
12/09/2025,"6,840.51","6,840.61","6,864.92","6,837.43",,-0.09%
12/08/2025,"6,846.51","6,875.20","6,878.27","6,827.19",,-0.35%
12/05/2025,"6,870.40","6,866.32","6,895.78","6,858.29",,0.19%
12/04/2025,"6,857.12","6,866.47","6,866.47","6,827.12",,0.11%
12/03/2025,"6,849.72","6,815.29","6,862.42","6,810.43",,0.30%
12/02/2025,"6,829.37","6,830.96","6,851.55","6,806.71",,0.25%
12/01/2025,"6,812.63","6,812.30","6,843.65","6,799.94",,-0.53%
11/28/2025,"6,849.09","6,822.52","6,850.86","6,819.75",,0.54%
11/26/2025,"6,812.61","6,793.55","6,831.44","6,783.87",,0.69%
11/25/2025,"6,765.88","6,697.03","6,776.40","6,659.98",,0.91%
11/24/2025,"6,705.12","6,636.54","6,715.75","6,630.70",,1.55%
11/21/2025,"6,602.99","6,555.77","6,660.05","6,521.92",,0.98%
11/20/2025,"6,538.76","6,737.93","6,770.35","6,534.05",,-1.56%
11/19/2025,"6,642.16","6,625.84","6,689.75","6,603.50",,0.38%
11/18/2025,"6,617.32","6,641.19","6,666.63","6,574.32",,-0.83%
11/17/2025,"6,672.41","6,713.61","6,754.50","6,638.90",,-0.92%
11/14/2025,"6,734.11","6,672.14","6,774.31","6,646.87",,-0.05%
11/13/2025,"6,737.49","6,826.47","6,828.05","6,724.72",,-1.66%
11/12/2025,"6,850.92","6,867.77","6,869.91","6,829.62",,0.06%
11/11/2025,"6,846.61","6,815.64","6,855.13","6,806.87",,0.21%
11/10/2025,"6,832.43","6,785.36","6,841.32","6,770.56",,1.54%
11/07/2025,"6,728.80","6,696.18","6,730.11","6,631.44",,0.13%
11/06/2025,"6,720.32","6,787.59","6,796.68","6,707.51",,-1.12%
11/05/2025,"6,796.29","6,769.77","6,829.78","6,763.11",,0.37%
11/04/2025,"6,771.55","6,788.52","6,820.21","6,766.71",,-1.17%
11/03/2025,"6,851.97","6,882.32","6,882.32","6,820.62",,0.17%
10/31/2025,"6,840.20","6,879.17","6,879.17","6,814.26",,0.26%
10/30/2025,"6,822.34","6,860.50","6,880.75","6,820.69",,-0.99%
10/29/2025,"6,890.59","6,910.95","6,920.34","6,851.91",,0.00%
10/28/2025,"6,890.89","6,897.74","6,911.30","6,870.73",,0.23%
10/27/2025,"6,875.16","6,845.46","6,877.28","6,843.94",,1.23%
10/24/2025,"6,791.69","6,772.07","6,807.11","6,772.07",,0.79%
10/23/2025,"6,738.44","6,703.65","6,749.53","6,700.14",,0.58%
10/22/2025,"6,699.40","6,741.34","6,741.75","6,655.69",,-0.53%
10/21/2025,"6,735.35","6,736.75","6,752.16","6,722.03",,0.00%
10/20/2025,"6,735.13","6,690.05","6,744.35","6,690.05",,1.07%
10/17/2025,"6,664.01","6,613.27","6,678.88","6,603.76",,0.53%
10/16/2025,"6,629.07","6,689.02","6,709.34","6,593.99",,-0.63%
10/15/2025,"6,671.06","6,688.27","6,724.12","6,612.11",,0.40%
10/14/2025,"6,644.31","6,602.49","6,680.70","6,555.07",,-0.16%
10/13/2025,"6,654.72","6,622.53","6,668.68","6,620.71",,1.56%
10/10/2025,"6,552.51","6,740.49","6,762.40","6,550.78",,-2.71%
10/09/2025,"6,735.11","6,760.50","6,764.58","6,716.17",,-0.28%
10/08/2025,"6,753.72","6,723.87","6,755.64","6,718.09",,0.58%
10/07/2025,"6,714.59","6,746.14","6,754.49","6,699.96",,-0.38%
10/06/2025,"6,740.28","6,733.86","6,749.52","6,717.78",,0.36%
10/03/2025,"6,715.79","6,722.14","6,750.87","6,705.67",,0.01%
10/02/2025,"6,715.35","6,731.31","6,731.94","6,693.23",,0.06%
10/01/2025,"6,711.20","6,664.92","6,718.48","6,656.20",,0.34%
09/30/2025,"6,688.46","6,656.19","6,691.25","6,641.00",,0.41%
09/29/2025,"6,661.21","6,661.58","6,677.31","6,644.49",,0.26%
09/26/2025,"6,643.70","6,615.38","6,648.97","6,604.43",,0.59%
09/25/2025,"6,604.72","6,608.19","6,619.00","6,569.22",,-0.50%
09/24/2025,"6,637.97","6,669.79","6,672.66","6,621.76",,-0.28%
09/23/2025,"6,656.92","6,692.44","6,699.52","6,645.58",,-0.55%
09/22/2025,"6,693.75","6,654.28","6,698.88","6,648.07",,0.44%
09/19/2025,"6,664.36","6,647.11","6,671.82","6,630.31",,0.49%
09/18/2025,"6,631.96","6,626.85","6,656.80","6,611.89",,0.48%
09/17/2025,"6,600.35","6,604.87","6,624.39","6,551.15",,-0.10%
09/16/2025,"6,606.76","6,624.13","6,626.99","6,600.11",,-0.13%
09/15/2025,"6,615.28","6,603.49","6,619.62","6,602.07",,0.47%
09/12/2025,"6,584.29","6,590.66","6,600.21","6,579.49",,-0.05%
09/11/2025,"6,587.47","6,554.41","6,592.89","6,545.80",,0.85%
09/10/2025,"6,532.04","6,550.29","6,555.97","6,516.34",,0.30%
09/09/2025,"6,512.61","6,503.33","6,518.23","6,483.08",,0.27%
09/08/2025,"6,495.15","6,498.09","6,508.67","6,483.29",,0.21%
09/05/2025,"6,481.50","6,529.08","6,532.65","6,443.98",,-0.32%
09/04/2025,"6,502.08","6,456.60","6,502.54","6,445.98",,0.83%
09/03/2025,"6,448.26","6,445.82","6,453.67","6,416.17",,0.51%
09/02/2025,"6,415.54","6,401.51","6,416.54","6,360.58",,-0.69%
08/29/2025,"6,460.26","6,489.28","6,491.76","6,444.57",,-0.64%
08/28/2025,"6,501.86","6,483.84","6,508.23","6,466.96",,0.32%
08/27/2025,"6,481.40","6,462.26","6,487.06","6,457.84",,0.24%
08/26/2025,"6,465.94","6,435.49","6,468.37","6,429.21",,0.41%
08/25/2025,"6,439.32","6,457.67","6,466.89","6,438.06",,-0.43%
08/22/2025,"6,466.91","6,384.59","6,478.89","6,384.59",,1.52%
08/21/2025,"6,370.17","6,380.83","6,393.65","6,352.71",,-0.40%
08/20/2025,"6,395.78","6,406.62","6,408.40","6,343.86",,-0.24%
08/19/2025,"6,411.37","6,446.24","6,456.48","6,400.22",,-0.59%
08/18/2025,"6,449.15","6,445.02","6,455.35","6,437.70",,-0.01%
08/15/2025,"6,449.80","6,477.38","6,481.34","6,441.85",,-0.29%
08/14/2025,"6,468.54","6,453.46","6,473.92","6,441.07",,0.03%
08/13/2025,"6,466.58","6,462.67","6,480.28","6,445.02",,0.32%
08/12/2025,"6,445.76","6,395.17","6,446.55","6,385.76",,1.13%
08/11/2025,"6,373.45","6,389.67","6,407.25","6,364.06",,-0.25%
08/08/2025,"6,389.45","6,355.22","6,395.16","6,355.22",,0.78%
08/07/2025,"6,340.00","6,374.32","6,389.71","6,310.32",,-0.08%
08/06/2025,"6,345.06","6,309.30","6,352.83","6,301.11",,0.73%
08/05/2025,"6,299.19","6,336.63","6,346.00","6,289.37",,-0.49%
08/04/2025,"6,329.94","6,271.71","6,330.69","6,271.71",,1.47%
08/01/2025,"6,238.01","6,287.28","6,287.28","6,212.69",,-1.60%
07/31/2025,"6,339.39","6,427.02","6,427.02","6,327.64",,-0.37%
07/30/2025,"6,362.90","6,381.23","6,396.54","6,336.38",,-0.12%
07/29/2025,"6,370.86","6,405.62","6,409.26","6,363.92",,-0.30%
07/28/2025,"6,389.77","6,397.69","6,401.07","6,375.79",,0.02%
07/25/2025,"6,388.64","6,370.01","6,395.82","6,368.53",,0.40%
07/24/2025,"6,363.35","6,368.60","6,381.31","6,360.57",,0.07%
07/23/2025,"6,358.91","6,326.90","6,360.64","6,317.49",,0.78%
07/22/2025,"6,309.62","6,306.60","6,316.12","6,281.71",,0.06%
07/21/2025,"6,305.60","6,304.74","6,336.08","6,303.79",,0.14%
07/18/2025,"6,296.79","6,312.95","6,315.61","6,285.27",,-0.01%
07/17/2025,"6,297.36","6,263.40","6,304.69","6,262.27",,0.54%
07/16/2025,"6,263.70","6,254.50","6,268.12","6,201.59",,0.32%
07/15/2025,"6,243.76","6,295.29","6,302.04","6,241.68",,-0.40%
07/14/2025,"6,268.56","6,255.15","6,273.31","6,239.22",,0.14%
07/11/2025,"6,259.75","6,255.68","6,269.44","6,237.60",,-0.33%
07/10/2025,"6,280.46","6,266.80","6,290.22","6,251.44",,0.27%
07/09/2025,"6,263.26","6,243.33","6,269.16","6,231.43",,0.61%
07/08/2025,"6,225.52","6,234.03","6,242.70","6,217.75",,-0.07%
07/07/2025,"6,229.98","6,259.04","6,262.07","6,201.00",,-0.79%
07/03/2025,"6,279.35","6,246.46","6,284.65","6,246.46",,0.83%
07/02/2025,"6,227.42","6,193.88","6,227.60","6,188.29",,0.47%
07/01/2025,"6,198.01","6,187.25","6,210.78","6,177.97",,-0.11%
06/30/2025,"6,204.95","6,193.36","6,215.08","6,174.97",,0.52%
06/27/2025,"6,173.07","6,150.70","6,187.68","6,132.35",,0.52%
06/26/2025,"6,141.02","6,112.09","6,146.52","6,107.27",,0.80%
06/25/2025,"6,092.16","6,104.23","6,108.51","6,080.09",,0.00%
06/24/2025,"6,092.18","6,061.21","6,101.76","6,059.25",,1.11%
06/23/2025,"6,025.17","5,969.67","6,028.77","5,943.23",,0.96%
06/20/2025,"5,967.84","5,999.67","6,018.20","5,952.56",,-0.22%
06/18/2025,"5,980.87","5,987.93","6,018.25","5,971.89",,-0.03%
06/17/2025,"5,982.72","6,012.15","6,023.25","5,974.80",,-0.84%
06/16/2025,"6,033.11","6,004.00","6,050.83","6,004.00",,0.94%
06/13/2025,"5,976.97","6,000.56","6,026.16","5,963.21",,-1.13%
06/12/2025,"6,045.26","6,009.90","6,045.43","6,003.88",,0.38%
06/11/2025,"6,022.24","6,049.38","6,059.40","6,002.32",,-0.27%
06/10/2025,"6,038.81","6,009.91","6,043.01","6,000.28",,0.55%
06/09/2025,"6,005.88","6,004.63","6,021.31","5,994.18",,0.09%
06/06/2025,"6,000.36","5,987.06","6,016.87","5,978.63",,1.03%
06/05/2025,"5,939.30","5,985.67","5,999.70","5,921.20",,-0.53%
06/04/2025,"5,970.81","5,978.94","5,990.48","5,966.11",,0.01%
06/03/2025,"5,970.37","5,938.56","5,981.35","5,929.00",,0.58%
06/02/2025,"5,935.94","5,896.68","5,937.40","5,861.43",,0.41%
05/30/2025,"5,911.69","5,903.67","5,922.14","5,843.66",,-0.01%
05/29/2025,"5,912.17","5,939.96","5,943.13","5,873.80",,0.40%
05/28/2025,"5,888.55","5,925.54","5,939.92","5,881.88",,-0.56%
05/27/2025,"5,921.54","5,854.07","5,924.33","5,854.07",,2.05%
05/23/2025,"5,802.82","5,781.89","5,829.51","5,767.41",,-0.67%
05/22/2025,"5,842.01","5,841.26","5,878.08","5,825.82",,-0.04%
05/21/2025,"5,844.61","5,910.18","5,938.37","5,830.91",,-1.61%
05/20/2025,"5,940.46","5,944.66","5,953.06","5,909.26",,-0.39%
05/19/2025,"5,963.60","5,902.88","5,968.61","5,895.69",,0.09%
05/16/2025,"5,958.38","5,929.09","5,958.62","5,907.36",,0.70%
05/15/2025,"5,916.93","5,869.82","5,924.21","5,865.16",,0.41%
05/14/2025,"5,892.58","5,896.74","5,906.55","5,872.11",,0.10%
05/13/2025,"5,886.55","5,854.15","5,906.64","5,845.02",,0.72%
05/12/2025,"5,844.19","5,807.20","5,845.37","5,786.08",,3.26%
05/09/2025,"5,659.91","5,679.65","5,691.69","5,644.15",,-0.07%
05/08/2025,"5,663.94","5,663.60","5,720.10","5,635.38",,0.58%
05/07/2025,"5,631.28","5,614.18","5,654.73","5,578.64",,0.43%
05/06/2025,"5,606.91","5,605.87","5,649.58","5,586.04",,-0.77%
05/05/2025,"5,650.38","5,655.32","5,683.38","5,634.48",,-0.64%
05/02/2025,"5,686.67","5,645.88","5,700.70","5,642.28",,1.47%
05/01/2025,"5,604.14","5,625.14","5,658.91","5,597.35",,0.63%
04/30/2025,"5,569.06","5,499.44","5,581.84","5,433.24",,0.15%
04/29/2025,"5,560.83","5,508.87","5,571.95","5,505.70",,0.58%
04/28/2025,"5,528.75","5,529.22","5,553.66","5,468.64",,0.06%
04/25/2025,"5,525.21","5,489.73","5,528.11","5,455.86",,0.74%
04/24/2025,"5,484.77","5,381.38","5,489.40","5,371.96",,2.03%
04/23/2025,"5,375.86","5,395.92","5,469.69","5,356.17",,1.67%
04/22/2025,"5,287.76","5,207.67","5,309.61","5,207.67",,2.51%
04/21/2025,"5,158.20","5,232.94","5,232.94","5,101.63",,-2.36%
04/17/2025,"5,282.70","5,305.45","5,328.31","5,255.58",,0.13%
04/16/2025,"5,275.70","5,335.75","5,367.24","5,220.79",,-2.24%
04/15/2025,"5,396.63","5,411.99","5,450.41","5,386.44",,-0.17%
04/14/2025,"5,405.97","5,441.96","5,459.46","5,358.02",,0.79%
04/11/2025,"5,363.36","5,255.56","5,381.46","5,220.77",,1.81%
04/10/2025,"5,268.05","5,353.15","5,353.15","5,115.27",,-3.46%
04/09/2025,"5,456.90","4,965.28","5,481.34","4,948.43",,9.52%
04/08/2025,"4,982.77","5,193.57","5,267.47","4,910.42",,-1.57%
04/07/2025,"5,062.25","4,953.79","5,246.57","4,835.04",,-0.23%
04/04/2025,"5,074.08","5,292.14","5,292.14","5,069.90",,-5.97%
04/03/2025,"5,396.52","5,492.74","5,499.53","5,390.83",,-4.84%
04/02/2025,"5,670.97","5,580.76","5,695.31","5,571.48",,0.67%
04/01/2025,"5,633.07","5,597.53","5,650.57","5,558.52",,0.38%
03/31/2025,"5,611.85","5,527.91","5,627.56","5,488.73",,0.55%
03/28/2025,"5,580.94","5,679.20","5,685.89","5,572.42",,-1.97%
03/27/2025,"5,693.31","5,695.64","5,732.28","5,670.94",,-0.33%
03/26/2025,"5,712.20","5,771.66","5,783.62","5,694.41",,-1.12%
03/25/2025,"5,776.65","5,775.96","5,786.95","5,760.42",,0.16%
03/24/2025,"5,767.57","5,718.08","5,775.14","5,718.08",,1.76%
03/21/2025,"5,667.56","5,630.73","5,670.84","5,603.10",,0.08%
03/20/2025,"5,662.89","5,646.92","5,711.15","5,632.33",,-0.22%
03/19/2025,"5,675.29","5,632.37","5,715.33","5,622.20",,1.08%
03/18/2025,"5,614.66","5,654.53","5,654.53","5,597.76",,-1.07%
03/17/2025,"5,675.12","5,635.60","5,703.52","5,631.12",,0.64%
03/14/2025,"5,638.94","5,563.85","5,645.27","5,563.85",,2.13%
03/13/2025,"5,521.52","5,594.45","5,597.78","5,504.65",,-1.39%
03/12/2025,"5,599.30","5,624.84","5,642.19","5,546.09",,0.49%
03/11/2025,"5,572.07","5,603.65","5,636.30","5,528.41",,-0.76%
03/10/2025,"5,614.56","5,705.37","5,705.37","5,564.02",,-2.70%
03/07/2025,"5,770.20","5,726.01","5,783.01","5,666.29",,0.55%
03/06/2025,"5,738.52","5,785.87","5,812.08","5,711.64",,-1.78%
03/05/2025,"5,842.63","5,781.36","5,860.59","5,742.35",,1.12%
03/04/2025,"5,778.15","5,811.98","5,865.08","5,732.59",,-1.22%
03/03/2025,"5,849.72","5,968.33","5,986.09","5,810.91",,-1.76%
02/28/2025,"5,954.50","5,856.74","5,959.40","5,837.66",,1.59%
02/27/2025,"5,861.57","5,981.88","5,993.69","5,858.78",,-1.59%
02/26/2025,"5,956.06","5,970.87","6,009.82","5,932.69",,0.01%
02/25/2025,"5,955.25","5,982.73","5,992.65","5,908.49",,-0.47%
02/24/2025,"5,983.25","6,026.69","6,043.65","5,977.83",,-0.50%
02/21/2025,"6,013.13","6,114.10","6,114.82","6,008.56",,-1.71%
02/20/2025,"6,117.52","6,134.50","6,134.50","6,084.59",,-0.43%
02/19/2025,"6,144.15","6,117.76","6,147.43","6,111.15",,0.24%
02/18/2025,"6,129.58","6,121.60","6,129.63","6,099.51",,0.24%
02/14/2025,"6,114.63","6,115.52","6,127.47","6,107.62",,-0.01%
02/13/2025,"6,115.07","6,060.59","6,116.91","6,050.95",,1.04%
02/12/2025,"6,051.97","6,025.08","6,063.00","6,003.00",,-0.27%
02/11/2025,"6,068.50","6,049.32","6,076.28","6,042.34",,0.03%
02/10/2025,"6,066.44","6,046.40","6,073.38","6,044.84",,0.67%
02/07/2025,"6,025.99","6,083.13","6,101.28","6,019.96",,-0.95%
02/06/2025,"6,083.57","6,072.22","6,084.03","6,046.83",,0.36%
02/05/2025,"6,061.48","6,020.45","6,062.86","6,007.06",,0.39%
02/04/2025,"6,037.88","5,998.14","6,042.48","5,990.87",,0.72%
02/03/2025,"5,994.57","5,969.65","6,022.13","5,923.93",,-0.76%
01/31/2025,"6,040.53","6,096.79","6,120.91","6,030.93",,-0.50%
01/30/2025,"6,071.17","6,050.75","6,086.64","6,027.46",,0.53%
01/29/2025,"6,039.31","6,057.70","6,062.83","6,012.96",,-0.47%
01/28/2025,"6,067.70","6,026.97","6,074.54","5,994.63",,0.92%
01/27/2025,"6,012.28","5,969.04","6,017.17","5,962.92",,-1.46%
01/24/2025,"6,101.24","6,121.43","6,128.18","6,088.74",,-0.29%
01/23/2025,"6,118.71","6,076.32","6,118.73","6,074.67",,0.53%
01/22/2025,"6,086.37","6,081.39","6,100.81","6,076.13",,0.61%
01/21/2025,"6,049.24","6,014.12","6,051.51","6,006.88",,0.88%
01/17/2025,"5,996.66","5,995.40","6,014.96","5,978.44",,1.00%
01/16/2025,"5,937.34","5,963.61","5,964.69","5,930.72",,-0.21%
01/15/2025,"5,949.91","5,905.21","5,960.61","5,905.21",,1.83%
01/14/2025,"5,842.91","5,859.27","5,871.92","5,805.42",,0.11%
01/13/2025,"5,836.22","5,782.02","5,838.61","5,773.31",,0.16%
01/10/2025,"5,827.04","5,890.35","5,890.35","5,807.78",,-1.54%
01/08/2025,"5,918.25","5,910.66","5,927.89","5,874.78",,0.16%
01/07/2025,"5,909.03","5,993.26","6,000.68","5,890.68",,-1.11%
01/06/2025,"5,975.38","5,982.81","6,021.04","5,960.01",,0.55%
01/03/2025,"5,942.47","5,891.07","5,949.34","5,888.66",,1.26%
01/02/2025,"5,868.55","5,903.26","5,935.09","5,829.53",,-0.22%
12/31/2024,"5,881.63","5,919.74","5,929.74","5,868.86",,-0.43%
12/30/2024,"5,906.94","5,920.67","5,940.79","5,869.16",,-1.07%
12/27/2024,"5,970.84","6,006.17","6,006.17","5,932.95",,-1.11%
12/26/2024,"6,037.59","6,024.97","6,049.75","6,007.37",,-0.04%
12/24/2024,"6,040.04","5,984.63","6,040.10","5,981.44",,1.10%
12/23/2024,"5,974.07","5,940.25","5,978.25","5,902.57",,0.73%
12/20/2024,"5,930.85","5,842.00","5,982.06","5,832.30",,1.09%
12/19/2024,"5,867.08","5,912.71","5,935.52","5,866.07",,-0.09%
12/18/2024,"5,872.16","6,047.65","6,070.67","5,867.79",,-2.95%
12/17/2024,"6,050.61","6,052.55","6,057.68","6,035.19",,-0.39%
12/16/2024,"6,074.08","6,063.79","6,085.19","6,059.14",,0.38%
12/13/2024,"6,051.09","6,068.17","6,078.58","6,035.77",,0.00%
12/12/2024,"6,051.25","6,074.29","6,079.68","6,051.25",,-0.54%
12/11/2024,"6,084.19","6,060.15","6,092.59","6,060.15",,0.82%
12/10/2024,"6,034.91","6,057.59","6,065.40","6,029.89",,-0.30%
12/09/2024,"6,052.85","6,083.01","6,088.51","6,048.63",,-0.61%
12/06/2024,"6,090.27","6,081.38","6,099.97","6,079.98",,0.25%
12/05/2024,"6,075.11","6,089.03","6,094.55","6,072.90",,-0.19%
12/04/2024,"6,086.49","6,069.39","6,089.84","6,061.06",,0.61%
12/03/2024,"6,049.88","6,042.97","6,052.07","6,033.39",,0.05%
12/02/2024,"6,047.15","6,040.11","6,053.58","6,035.33",,0.24%
11/29/2024,"6,032.38","6,003.98","6,044.17","6,003.98",,0.56%
11/27/2024,"5,998.74","6,014.11","6,020.16","5,984.87",,-0.38%
11/26/2024,"6,021.63","6,000.03","6,025.42","5,992.27",,0.57%
11/25/2024,"5,987.37","5,992.28","6,020.75","5,963.91",,0.30%
11/22/2024,"5,969.34","5,944.36","5,972.90","5,944.36",,0.35%
11/21/2024,"5,948.71","5,940.58","5,963.32","5,887.26",,0.53%
11/20/2024,"5,917.11","5,914.34","5,920.67","5,860.56",,0.00%
11/19/2024,"5,916.98","5,870.05","5,923.51","5,855.29",,0.40%
11/18/2024,"5,893.62","5,874.17","5,908.12","5,865.95",,0.39%
11/15/2024,"5,870.62","5,912.79","5,915.32","5,853.01",,-1.32%
11/14/2024,"5,949.17","5,989.68","5,993.88","5,942.28",,-0.60%
11/13/2024,"5,985.38","5,985.75","6,008.19","5,965.91",,0.02%
11/12/2024,"5,983.99","6,003.60","6,009.92","5,960.08",,-0.29%
11/11/2024,"6,001.35","6,008.86","6,017.31","5,986.69",,0.10%
11/08/2024,"5,995.54","5,976.76","6,012.45","5,976.76",,0.38%
11/07/2024,"5,973.10","5,947.21","5,983.84","5,947.21",,0.74%
11/06/2024,"5,929.04","5,864.89","5,936.14","5,864.89",,2.53%
11/05/2024,"5,782.76","5,722.43","5,783.44","5,722.10",,1.23%
11/04/2024,"5,712.69","5,725.15","5,741.43","5,696.51",,-0.28%
11/01/2024,"5,728.80","5,723.22","5,772.52","5,723.22",,0.41%
10/31/2024,"5,705.45","5,775.34","5,775.34","5,702.86",,-1.86%
10/30/2024,"5,813.67","5,832.65","5,850.94","5,811.28",,-0.33%
10/29/2024,"5,832.92","5,819.68","5,847.19","5,802.17",,0.16%
10/28/2024,"5,823.52","5,833.93","5,842.92","5,823.08",,0.27%
10/25/2024,"5,808.12","5,826.75","5,862.82","5,799.98",,-0.03%
10/24/2024,"5,809.86","5,817.80","5,817.80","5,784.92",,0.21%
10/23/2024,"5,797.42","5,834.50","5,834.85","5,762.41",,-0.92%
10/22/2024,"5,851.20","5,832.70","5,863.04","5,821.17",,-0.05%
10/21/2024,"5,853.98","5,857.82","5,866.92","5,824.79",,-0.18%
10/18/2024,"5,864.67","5,859.43","5,872.17","5,846.11",,0.40%
10/17/2024,"5,841.47","5,875.62","5,878.46","5,840.25",,-0.02%
10/16/2024,"5,842.47","5,816.58","5,846.52","5,808.34",,0.47%
10/15/2024,"5,815.26","5,866.74","5,870.36","5,804.48",,-0.76%
10/14/2024,"5,859.85","5,829.81","5,871.41","5,829.57",,0.77%
10/11/2024,"5,815.03","5,775.09","5,822.13","5,775.09",,0.61%
10/10/2024,"5,780.05","5,778.36","5,795.03","5,764.76",,-0.21%
10/09/2024,"5,792.04","5,751.80","5,796.80","5,745.02",,0.71%
10/08/2024,"5,751.13","5,719.14","5,757.60","5,714.56",,0.97%
10/07/2024,"5,695.94","5,737.80","5,739.34","5,686.85",,-0.96%
10/04/2024,"5,751.07","5,737.48","5,753.21","5,702.83",,0.90%
10/03/2024,"5,699.94","5,698.19","5,718.78","5,677.37",,-0.17%
10/02/2024,"5,709.54","5,698.14","5,719.63","5,674.00",,0.01%
10/01/2024,"5,708.75","5,757.73","5,757.73","5,681.28",,-0.93%
09/30/2024,"5,762.48","5,726.52","5,765.14","5,703.53",,0.42%
09/27/2024,"5,738.17","5,755.36","5,763.78","5,727.34",,-0.13%
09/26/2024,"5,745.37","5,762.22","5,767.37","5,721.01",,0.40%
09/25/2024,"5,722.26","5,733.65","5,741.03","5,712.06",,-0.19%
09/24/2024,"5,732.93","5,727.66","5,735.32","5,698.99",,0.25%
09/23/2024,"5,718.57","5,711.90","5,725.36","5,704.22",,0.28%
09/20/2024,"5,702.55","5,709.64","5,715.14","5,674.49",,-0.19%
09/19/2024,"5,713.64","5,702.63","5,733.57","5,686.42",,1.70%
09/18/2024,"5,618.26","5,641.68","5,689.75","5,615.08",,-0.29%
09/17/2024,"5,634.58","5,655.51","5,670.81","5,614.05",,0.03%
09/16/2024,"5,633.09","5,615.21","5,636.05","5,604.53",,0.13%
09/13/2024,"5,626.02","5,603.34","5,636.27","5,601.65",,0.54%
09/12/2024,"5,595.76","5,557.48","5,600.71","5,535.50",,0.75%
09/11/2024,"5,554.13","5,496.42","5,560.41","5,406.96",,1.07%
09/10/2024,"5,495.52","5,490.51","5,497.91","5,441.72",,0.45%
09/09/2024,"5,471.05","5,442.07","5,484.20","5,434.49",,1.16%
09/06/2024,"5,408.42","5,507.33","5,522.47","5,402.62",,-1.73%
09/05/2024,"5,503.41","5,520.08","5,546.30","5,480.54",,-0.30%
09/04/2024,"5,520.07","5,506.68","5,552.99","5,503.66",,-0.16%
09/03/2024,"5,528.93","5,623.89","5,623.89","5,504.33",,-2.12%
08/30/2024,"5,648.40","5,612.74","5,651.37","5,581.79",,1.01%
08/29/2024,"5,591.96","5,607.30","5,646.95","5,583.71",,0.00%
08/28/2024,"5,592.18","5,624.51","5,627.03","5,560.95",,-0.60%
08/27/2024,"5,625.80","5,602.89","5,631.18","5,593.48",,0.16%
08/26/2024,"5,616.84","5,639.66","5,651.62","5,602.34",,-0.32%
08/23/2024,"5,634.61","5,602.49","5,641.82","5,585.16",,1.15%
08/22/2024,"5,570.64","5,637.77","5,643.22","5,560.95",,-0.89%
08/21/2024,"5,620.85","5,603.09","5,632.68","5,591.57",,0.42%
08/20/2024,"5,597.12","5,602.88","5,620.51","5,585.50",,-0.20%
08/19/2024,"5,608.25","5,557.23","5,608.30","5,550.74",,0.97%
08/16/2024,"5,554.25","5,530.50","5,561.98","5,525.17",,0.20%
08/15/2024,"5,543.22","5,501.13","5,546.23","5,501.13",,1.61%
08/14/2024,"5,455.21","5,442.36","5,463.22","5,415.91",,0.38%
08/13/2024,"5,434.43","5,376.98","5,436.50","5,376.98",,1.68%
08/12/2024,"5,344.39","5,351.88","5,371.20","5,324.37",,0.00%
08/09/2024,"5,344.16","5,314.66","5,358.67","5,300.84",,0.47%
08/08/2024,"5,319.31","5,252.57","5,328.03","5,233.85",,2.30%
08/07/2024,"5,199.50","5,293.13","5,330.64","5,195.54",,-0.77%
08/06/2024,"5,240.03","5,206.42","5,312.34","5,193.56",,1.04%
08/05/2024,"5,186.33","5,151.14","5,250.89","5,119.26",,-3.00%
08/02/2024,"5,346.56","5,376.63","5,383.89","5,302.03",,-1.84%
08/01/2024,"5,446.68","5,537.84","5,566.16","5,410.42",,-1.37%
07/31/2024,"5,522.30","5,505.59","5,551.51","5,493.75",,1.58%
07/30/2024,"5,436.44","5,478.73","5,489.46","5,401.70",,-0.50%
07/29/2024,"5,463.54","5,476.55","5,487.74","5,444.44",,0.08%
07/26/2024,"5,459.10","5,433.67","5,488.32","5,430.70",,1.11%
07/25/2024,"5,399.22","5,428.70","5,491.59","5,390.95",,-0.51%
07/24/2024,"5,427.13","5,505.84","5,508.04","5,419.98",,-2.31%
07/23/2024,"5,555.74","5,565.30","5,585.34","5,550.90",,-0.16%
07/22/2024,"5,564.41","5,544.54","5,570.36","5,529.04",,1.08%
07/19/2024,"5,505.00","5,543.37","5,557.50","5,497.04",,-0.71%
07/18/2024,"5,544.59","5,608.56","5,614.05","5,522.81",,-0.78%
07/17/2024,"5,588.27","5,610.07","5,622.49","5,584.81",,-1.39%
07/16/2024,"5,667.20","5,644.09","5,669.67","5,639.02",,0.64%
07/15/2024,"5,631.22","5,638.16","5,666.94","5,614.75",,0.28%
07/12/2024,"5,615.35","5,590.76","5,655.56","5,590.44",,0.55%
07/11/2024,"5,584.54","5,635.21","5,642.45","5,576.53",,-0.88%
07/10/2024,"5,633.91","5,591.26","5,635.39","5,586.44",,1.02%
07/09/2024,"5,576.98","5,584.24","5,590.75","5,574.57",,0.07%
07/08/2024,"5,572.85","5,572.75","5,583.11","5,562.51",,0.10%
07/05/2024,"5,567.19","5,537.91","5,570.33","5,531.63",,0.54%
07/03/2024,"5,537.02","5,507.44","5,539.27","5,507.42",,0.51%
07/02/2024,"5,509.01","5,461.84","5,509.69","5,458.43",,0.62%
07/01/2024,"5,475.09","5,471.08","5,479.55","5,446.53",,0.27%
06/28/2024,"5,460.48","5,488.48","5,523.64","5,451.12",,-0.41%
06/27/2024,"5,482.87","5,473.59","5,490.81","5,467.54",,0.09%
06/26/2024,"5,477.90","5,460.71","5,483.14","5,451.87",,0.16%
06/25/2024,"5,469.30","5,460.73","5,472.88","5,446.56",,0.39%
06/24/2024,"5,447.87","5,459.58","5,490.66","5,447.59",,-0.31%
06/21/2024,"5,464.62","5,466.77","5,478.31","5,452.03",,-0.16%
06/20/2024,"5,473.17","5,499.99","5,505.53","5,455.56",,-0.25%
06/18/2024,"5,487.03","5,476.15","5,490.38","5,471.32",,0.25%
06/17/2024,"5,473.23","5,431.11","5,488.50","5,420.40",,0.77%
06/14/2024,"5,431.60","5,424.08","5,432.39","5,403.75",,-0.04%
06/13/2024,"5,433.74","5,441.93","5,441.93","5,402.51",,0.23%
06/12/2024,"5,421.03","5,409.13","5,447.25","5,409.13",,0.85%
06/11/2024,"5,375.32","5,353.00","5,375.95","5,327.25",,0.27%
06/10/2024,"5,360.79","5,341.22","5,365.79","5,331.52",,0.26%
06/07/2024,"5,346.99","5,343.81","5,375.08","5,331.33",,-0.11%
06/06/2024,"5,352.96","5,357.80","5,362.35","5,335.36",,-0.02%
06/05/2024,"5,354.03","5,314.48","5,354.16","5,297.64",,1.18%
06/04/2024,"5,291.34","5,278.24","5,298.80","5,257.63",,0.15%
06/03/2024,"5,283.40","5,297.15","5,302.11","5,234.32",,0.11%
05/31/2024,"5,277.51","5,243.21","5,280.33","5,191.68",,0.80%
05/30/2024,"5,235.48","5,259.77","5,260.21","5,222.10",,-0.60%
05/29/2024,"5,266.95","5,278.73","5,282.27","5,262.70",,-0.74%
05/28/2024,"5,306.04","5,315.91","5,315.91","5,280.89",,0.02%
05/24/2024,"5,304.72","5,281.45","5,311.65","5,278.39",,0.70%
05/23/2024,"5,267.84","5,340.26","5,341.88","5,256.93",,-0.74%
05/22/2024,"5,307.01","5,319.28","5,323.18","5,286.01",,-0.27%
05/21/2024,"5,321.41","5,298.69","5,324.32","5,297.87",,0.25%
05/20/2024,"5,308.13","5,305.35","5,325.32","5,302.40",,0.09%
05/17/2024,"5,303.27","5,303.10","5,305.45","5,283.59",,0.12%
05/16/2024,"5,297.10","5,310.07","5,325.49","5,296.19",,-0.21%
05/15/2024,"5,308.15","5,263.26","5,311.76","5,263.26",,1.17%
05/14/2024,"5,246.68","5,221.10","5,250.37","5,217.98",,0.48%
05/13/2024,"5,221.42","5,233.08","5,237.26","5,211.16",,-0.02%
05/10/2024,"5,222.68","5,225.49","5,239.66","5,209.68",,0.16%
05/09/2024,"5,214.08","5,189.03","5,215.30","5,180.41",,0.51%
05/08/2024,"5,187.67","5,168.98","5,191.95","5,165.86",,0.00%
05/07/2024,"5,187.70","5,187.20","5,200.23","5,178.96",,0.13%
05/06/2024,"5,180.74","5,142.42","5,181.00","5,142.42",,1.03%
05/03/2024,"5,127.79","5,122.78","5,139.12","5,101.22",,1.26%
05/02/2024,"5,064.20","5,049.32","5,073.21","5,011.05",,0.91%
05/01/2024,"5,018.39","5,029.03","5,096.12","5,013.45",,-0.34%
04/30/2024,"5,035.69","5,103.78","5,110.83","5,035.31",,-1.57%
04/29/2024,"5,116.17","5,114.13","5,123.49","5,088.65",,0.32%
04/26/2024,"5,099.96","5,084.65","5,114.62","5,073.14",,1.02%
04/25/2024,"5,048.42","5,019.88","5,057.75","4,990.58",,-0.46%
04/24/2024,"5,071.63","5,084.86","5,089.48","5,047.02",,0.02%
04/23/2024,"5,070.55","5,028.85","5,076.12","5,027.96",,1.20%
04/22/2024,"5,010.60","4,987.33","5,038.84","4,969.40",,0.87%
04/19/2024,"4,967.23","5,005.44","5,019.02","4,953.56",,-0.88%
04/18/2024,"5,011.12","5,031.52","5,056.66","5,001.89",,-0.22%
04/17/2024,"5,022.21","5,068.97","5,077.96","5,007.25",,-0.58%
04/16/2024,"5,051.41","5,064.59","5,079.84","5,039.83",,-0.21%
04/15/2024,"5,061.82","5,149.67","5,168.43","5,052.47",,-1.20%
04/12/2024,"5,123.41","5,171.51","5,175.03","5,107.94",,-1.46%
04/11/2024,"5,199.06","5,172.95","5,211.78","5,138.77",,0.74%
04/10/2024,"5,160.64","5,167.88","5,178.43","5,138.70",,-0.95%
04/09/2024,"5,209.91","5,217.03","5,224.81","5,160.78",,0.14%
04/08/2024,"5,202.39","5,211.37","5,219.57","5,197.35",,-0.04%
04/05/2024,"5,204.34","5,158.95","5,222.18","5,157.21",,1.11%
04/04/2024,"5,147.21","5,244.05","5,256.59","5,146.06",,-1.23%
04/03/2024,"5,211.49","5,194.37","5,228.75","5,194.37",,0.11%
04/02/2024,"5,205.81","5,204.29","5,208.34","5,184.05",,-0.72%
04/01/2024,"5,243.77","5,257.97","5,263.95","5,229.20",,-0.20%
03/28/2024,"5,254.35","5,248.03","5,264.85","5,245.82",,0.11%
03/27/2024,"5,248.49","5,226.31","5,249.26","5,213.92",,0.86%
03/26/2024,"5,203.58","5,228.85","5,235.16","5,203.42",,-0.28%
03/25/2024,"5,218.19","5,219.52","5,229.09","5,216.09",,-0.31%
03/22/2024,"5,234.18","5,242.48","5,246.09","5,229.87",,-0.14%
03/21/2024,"5,241.53","5,253.43","5,261.10","5,240.66",,0.32%
03/20/2024,"5,224.62","5,181.69","5,226.19","5,171.55",,0.89%
03/19/2024,"5,178.51","5,139.09","5,180.31","5,131.59",,0.56%
03/18/2024,"5,149.42","5,154.77","5,175.60","5,145.47",,0.63%
03/15/2024,"5,117.09","5,123.31","5,136.86","5,104.35",,-0.65%
03/14/2024,"5,150.48","5,175.14","5,176.85","5,123.30",,-0.29%
03/13/2024,"5,165.31","5,173.49","5,179.14","5,151.88",,-0.19%
03/12/2024,"5,175.27","5,134.30","5,179.87","5,114.48",,1.12%
03/11/2024,"5,117.94","5,111.96","5,124.66","5,091.14",,-0.11%
03/08/2024,"5,123.69","5,164.46","5,189.26","5,117.50",,-0.65%
03/07/2024,"5,157.36","5,132.38","5,165.62","5,128.21",,1.03%
03/06/2024,"5,104.76","5,108.03","5,127.97","5,092.22",,0.51%
03/05/2024,"5,078.65","5,110.52","5,114.54","5,056.82",,-1.02%
03/04/2024,"5,130.95","5,130.99","5,149.67","5,127.18",,-0.12%
03/01/2024,"5,137.08","5,098.51","5,140.33","5,094.16",,0.80%
02/29/2024,"5,096.27","5,085.36","5,104.99","5,061.89",,0.52%
02/28/2024,"5,069.76","5,067.20","5,077.37","5,058.35",,-0.17%
02/27/2024,"5,078.18","5,074.60","5,080.69","5,057.29",,0.17%
02/26/2024,"5,069.53","5,093.00","5,097.66","5,068.91",,-0.38%
02/23/2024,"5,088.80","5,100.92","5,111.06","5,081.46",,0.03%
02/22/2024,"5,087.03","5,038.83","5,094.39","5,038.83",,2.11%
02/21/2024,"4,981.80","4,963.03","4,983.21","4,946.00",,0.13%
02/20/2024,"4,975.51","4,989.32","4,993.71","4,955.02",,-0.60%
02/16/2024,"5,005.57","5,031.13","5,038.70","4,999.52",,-0.48%
02/15/2024,"5,029.73","5,003.14","5,032.72","4,999.44",,0.58%
02/14/2024,"5,000.62","4,976.44","5,002.52","4,956.45",,0.96%
02/13/2024,"4,953.17","4,967.94","4,971.30","4,920.31",,-1.37%
02/12/2024,"5,021.84","5,026.83","5,048.39","5,016.83",,-0.09%
02/09/2024,"5,026.61","5,004.17","5,030.06","5,000.34",,0.57%
02/08/2024,"4,997.91","4,995.16","5,000.40","4,987.09",,0.06%
02/07/2024,"4,995.06","4,973.05","4,999.89","4,969.05",,0.82%
02/06/2024,"4,954.23","4,950.16","4,957.77","4,934.88",,0.23%
02/05/2024,"4,942.81","4,957.19","4,957.19","4,918.09",,-0.32%
02/02/2024,"4,958.61","4,916.06","4,975.29","4,907.99",,1.07%
02/01/2024,"4,906.19","4,861.11","4,906.97","4,853.52",,1.25%
01/31/2024,"4,845.65","4,899.19","4,906.75","4,845.15",,-1.61%
01/30/2024,"4,924.97","4,925.89","4,931.09","4,916.27",,-0.06%
01/29/2024,"4,927.93","4,892.95","4,929.31","4,887.40",,0.76%
01/26/2024,"4,890.97","4,888.91","4,906.69","4,881.47",,-0.07%
01/25/2024,"4,894.16","4,886.66","4,898.15","4,869.34",,0.53%
01/24/2024,"4,868.55","4,888.56","4,903.68","4,865.94",,0.08%
01/23/2024,"4,864.60","4,856.80","4,866.48","4,844.37",,0.29%
01/22/2024,"4,850.43","4,853.42","4,868.41","4,844.05",,0.22%
01/19/2024,"4,839.81","4,796.28","4,842.07","4,785.87",,1.23%
01/18/2024,"4,780.94","4,760.10","4,785.79","4,740.57",,0.88%
01/17/2024,"4,739.21","4,739.13","4,744.23","4,714.82",,-0.56%
01/16/2024,"4,765.98","4,772.35","4,782.34","4,747.12",,-0.37%
01/12/2024,"4,783.83","4,791.18","4,802.40","4,768.98",,0.08%
01/11/2024,"4,780.24","4,792.13","4,798.50","4,739.58",,-0.07%
01/10/2024,"4,783.45","4,759.94","4,790.80","4,756.20",,0.57%
01/09/2024,"4,756.50","4,741.93","4,765.47","4,730.35",,-0.15%
01/08/2024,"4,763.54","4,703.70","4,764.54","4,699.82",,1.41%
01/05/2024,"4,697.24","4,690.57","4,721.49","4,682.11",,0.18%
01/04/2024,"4,688.68","4,697.42","4,726.78","4,687.53",,-0.34%
01/03/2024,"4,704.81","4,725.07","4,729.29","4,699.71",,-0.80%
01/02/2024,"4,742.83","4,745.20","4,754.33","4,722.67",,-0.57%
