Date,NFLX,WBD,PSKY,MKT
2024-01-03,0.0038420490928494644,-0.030874785591766707,-0.014583333333333393,-0.008016310936719062
2024-01-04,0.009355730384860594,0.004424778761061843,0.02114164904862581,-0.003428406248073834
2024-01-05,-0.001263956182852355,-0.013215859030836996,0.01104209799861966,0.001825673750394552
2024-01-08,0.02299093018350562,0.017857142857143016,0.0027303754266210234,0.014114671594383177
2024-01-09,-0.005979381443298903,-0.032456140350877294,-0.0313138189244383,-0.001477892491718369
2024-01-10,-0.007882182119892223,-0.005439709882139487,-0.007730147575544688,0.005665930831493693
2024-01-11,0.029061258624294428,-0.0391978122151323,-0.05453257790368271,-0.000671063771963798
2024-01-12,0.0,0.010436432637571214,-0.0014981273408238849,0.0007510083175741311
2024-01-16,-0.02234863876472981,-0.028169014084507116,-0.0075018754688671585,-0.0037313198838587747
2024-01-17,-0.0018703241895261513,-0.018357487922705307,-0.017384731670445963,-0.0056168930629166836
2024-01-18,0.010410160316468797,0.011811023622047223,0.00846153846153852,0.00880526501252299
2024-01-19,-0.004945394601277631,0.006809338521400754,0.02212051868802445,0.012313478102632613
2024-01-22,0.005798301925864502,0.011594202898550732,0.026119402985074647,0.002194301015948863
2024-01-23,0.013382746551369173,0.006685768863419206,-0.005090909090909146,0.0029213904746590025
2024-01-24,0.10707029662738732,-0.012333965844402162,-0.023391812865497075,0.0008119886527155895
2024-01-25,0.03138190493668569,0.016330451488952846,0.04491017964071875,0.005260293105750158
2024-01-26,0.014946619217081736,0.003780718336483746,-0.011461318051575908,-0.0006517972440622799
2024-01-29,0.009467040673211802,-0.012241054613935876,-0.0036231884057971175,0.007556783214781593
2024-01-30,-0.022577283779089963,-0.03717826501429944,-0.005090909090909146,-0.000600657882721567
2024-01-31,0.0023098791755506998,-0.007920792079207928,0.06652046783625742,-0.01610568186202166
2024-02-01,0.0060273001240915836,0.043912175648702645,0.006168608636052175,0.012493679898465615
2024-02-02,-0.0051101321585902415,-0.020076481835564097,-0.017029972752043543,0.01068446187367389
2024-02-05,-0.004427913567127129,-0.017560975609756113,-0.028413028413028396,-0.00318637682737688
2024-02-06,-0.011030065824586321,0.0,-0.002139800285306692,0.002310426660138587
2024-02-07,0.006116207951070374,-0.03177755710029795,-0.08148677626876344,0.008241442161546875
2024-02-08,-0.0014303593777936774,0.00820512820512831,0.012451361867704236,0.0005705637169521882
2024-02-09,0.005013428827215671,-0.019328585961342792,-0.008455034588777832,0.005742400323335062
2024-02-12,-0.006235524674861992,0.03319502074688807,0.03953488372093017,-0.0009489496897510108
2024-02-13,-0.005916098960200733,-0.04216867469879537,-0.030574198359433313,-0.013674270785210219
2024-02-14,0.044724977457168524,0.019916142557652172,0.014615384615384475,0.00957972369210025
2024-02-15,0.02451234248230616,0.04213771839671132,-0.045489006823351,0.0058212781615079034
2024-02-16,-0.01600673967986521,-0.030571992110453694,-0.046862589356632234,-0.004803438753173572
2024-02-20,-0.015239726027397316,0.006103763987792554,-0.004166666666666763,-0.006005310084565729
2024-02-21,-0.003129890453834161,-0.032355915065722995,-0.012552301255229992,0.0012641920124771833
2024-02-22,0.02651316937031223,-0.0010449320794148065,-0.007627118644067732,0.021122887309807714
2024-02-23,-0.00832625318606628,-0.09937238493723854,-0.04269854824935948,0.00034794369209545373
2024-02-26,0.006854009595613331,-0.00696864111498241,-0.010704727921498791,-0.0037867473667663187
2024-02-27,0.02399591558883607,0.01754385964912264,0.014427412082957725,0.0017062725735916828
2024-02-28,-0.008642180488615647,0.0011494252873565092,-0.016888888888888842,-0.0016580743494716277
2024-02-29,0.010729253981559106,0.00918484500574035,-0.001808318264014619,0.005229044372909275
2024-03-01,0.027201857687842113,-0.013651877133105672,-0.008152173913043459,0.008007817482197588
2024-03-04,-0.005651542063620285,-0.06459054209919268,-0.059360730593607136,-0.0011932849011501157
2024-03-05,-0.02809353686261773,0.0036991368680643344,-0.008737864077669855,-0.010193044173106403
2024-03-06,-0.001336675020885525,0.033169533169533194,0.028403525954945996,0.005141130024711504
2024-03-07,0.01806926551781829,0.03923900118906065,0.028571428571428692,0.010304108322428451
2024-03-08,-0.006080525883319754,-0.0011441647597253413,0.012037037037036846,-0.00652853397862474
2024-03-11,-0.0064484126984125645,0.03894616265750295,0.06312900274473932,-0.001122238074512727
2024-03-12,0.016974538192710886,-0.023153252480705766,-0.002581755593803692,0.011201772588189884
2024-03-13,-0.0027818687612501947,-0.0011286681715575453,0.007765314926660993,-0.001924537270519222
2024-03-14,0.005907449950771193,-0.0361581920903955,-0.03595890410958902,-0.002871076469757039
2024-03-15,-0.011582381729200564,0.0011723329425556983,-0.00444049733570151,-0.006482890915021411
2024-03-18,0.020630467073774472,-0.007025761124121677,-0.000892060660125038,0.006318044044564486
2024-03-19,0.0037192755498058894,0.002358490566037652,-0.0008928571428571397,0.005649179907640134
2024-03-20,0.011277589817947575,0.028235294117647136,0.11796246648793574,0.008904105621114988
2024-03-21,-0.007965588657001699,-0.0022883295194507935,-0.05515587529976018,0.0032365990253835353
2024-03-22,0.008511321663722482,-0.03211009174311941,-0.048223350253807085,-0.0014022623165372838
2024-03-25,-0.0007961783439489611,0.0023696682464455776,0.01777777777777767,-0.0030549197773100945
2024-03-26,0.002709163346613641,-0.009456264775413725,-0.006986899563318771,-0.0027998213940082506
2024-03-27,-0.024952320406865902,0.031026252983293423,0.029023746701847042,0.008630596627706266
2024-03-28,-0.010105949470252673,0.01041666666666674,0.005982905982905962,0.001116511606195525
2024-04-01,0.01152642845381191,0.0068728522336767295,-0.001699235344095107,-0.0020135697089078697
2024-04-02,-0.0001627869119322778,-0.03526734926052322,0.0008510638297871687,-0.00723906654944817
2024-04-03,0.0258873331162488,0.02948113207547176,0.14965986394557818,0.0010910886106099138
2024-04-04,-0.020631645770512574,-0.03321878579610549,-0.08505917159763321,-0.012334284436888443
2024-04-05,0.030951223464592337,-0.01421800947867291,-0.03233629749393685,0.011099216857287653
2024-04-08,-0.012260295504558205,0.024038461538461453,-0.07602339181286555,-0.00037468728023148934
2024-04-09,-0.01623169955442394,0.0199530516431925,-0.008137432188065064,0.0014454894769517779
2024-04-10,0.0006470397929472238,-0.04257767548906777,-0.042844120328167756,-0.009456977183866844
2024-04-11,0.016488845780795458,0.026442307692307487,0.07333333333333325,0.007444813046443954
2024-04-12,-0.009541984732824416,-0.023419203747072515,-0.027506654835847244,-0.014550707243232486
2024-04-15,-0.025048169556840083,0.0023980815347721673,-0.005474452554744547,-0.012021290507689297
2024-04-16,0.016963109354413808,-0.02631578947368407,-0.0431192660550459,-0.002056572537150636
2024-04-17,-0.006153846153846176,0.011056511056511065,0.0364333652924258,-0.005780564238499708
2024-04-18,-0.005051328010428513,0.009720534629404698,0.014801110083256352,-0.0022081912146246774
2024-04-19,-0.09105797576154606,0.010830324909747224,0.1340018231540565,-0.00875852104918673
2024-04-22,-0.0007207207207207134,0.008333333333333304,-0.004823151125401881,0.008731224445012842
2024-04-23,0.04183195095564374,-0.0035419126328218864,0.029079159935379684,0.01196463497385536
2024-04-24,-0.03928695050190378,-0.007109004739336289,-0.004709576138147598,0.0002129946455513565
2024-04-25,0.01747432894973877,-0.010739856801909475,-0.039432176656151396,-0.004576437949929346
2024-04-26,-0.006373937677053854,-0.021712907117008462,-0.02216748768472898,0.010209134739185721
2024-04-29,-0.0030292230933712805,0.004932182490752224,0.028547439126784147,0.003178456301617949
2024-04-30,-0.015907059874888274,-0.09693251533742331,-0.07020408163265301,-0.015730517164206925
2024-05-01,0.0019978205593897957,0.03532608695652173,0.07638279192273911,-0.003435477561168243
2024-05-02,0.024288562624614762,0.04330708661417315,0.13050570962479613,0.009128425650457572
2024-05-03,0.02512829587683596,0.002515723270440251,-0.06998556998556993,0.012556771059594851
2024-05-06,0.030554117037804307,-0.0012547051442910462,0.03103180760279267,0.010326085896653403
2024-05-07,0.015075376884422065,-0.023869346733668362,-0.03009781790820154,0.0013434374239973401
2024-05-08,0.005775577557755707,0.0038610038610038533,-0.005430566330488773,-5.782909574536532e-06
2024-05-09,0.004265791632485527,0.03076923076923066,0.020280811232449292,0.005090917502462489
2024-05-10,-0.0019604639764744247,0.013681592039801238,-0.002293577981651307,0.0016493801399288799
2024-05-13,0.009330495989523513,0.02822085889570558,-0.0030651340996169507,-0.00024125544739483917
2024-05-14,-0.0047032111579630165,0.021479713603818507,-0.05226748654880864,0.004837764439558523
2024-05-15,-0.0003258921297050188,-0.04205607476635531,0.018653690186536842,0.011715980391409309
2024-05-16,-0.004889975550122272,0.003658536585366079,0.006369426751592355,-0.0020817045486656305
2024-05-17,0.017362817362817307,-0.021871202916160404,-0.049050632911392444,0.0011647882803798026
2024-05-20,0.031717919819674645,0.004968944099378758,0.0,0.0009164157208665369
2024-05-21,0.015293383270911454,-0.024721878862793645,0.006655574043261225,0.0025018226757822504
2024-05-22,-0.015524131570857747,0.021546261089987473,0.008264462809917328,-0.002706049712388192
2024-05-23,-0.007494145199063218,-0.04466501240694798,-0.03360655737704921,-0.0073808038801509435
2024-05-24,0.017461066540821246,0.0025974025974024872,0.014418999151823764,0.007000971935366307
2024-05-28,0.00340136054421758,0.01943005181347157,0.004180602006688794,0.00024883499977379486
2024-05-29,0.008628659476116907,-0.026683608640406642,-0.025811823480432983,-0.007367076011488782
2024-05-30,-0.010540788267644374,0.05483028720626626,0.010256410256410442,-0.005974995016091
2024-05-31,-0.009417940404508274,0.01980198019801982,0.0076142131979695105,0.008027917211029578
2024-06-03,-0.012157107231920095,0.010922330097087318,0.07472712006717042,0.001116056625188655
2024-06-04,-0.0034711265383402523,-0.010804321728691502,-0.04375000000000007,0.0015028201536890773
2024-06-05,0.029607346421786085,0.00728155339805836,-0.013071895424836666,0.011847660516995706
2024-06-06,-0.0027679532523451345,0.004819277108433662,-0.009105960264900625,-0.0001998494591923805
2024-06-07,-0.010794140323824086,-0.008393285371702697,0.003341687552213868,-0.0011152708034434244
2024-06-10,0.004676539360872978,-0.01813784764207982,-0.0024979184013321776,0.0025808913052016713
2024-06-11,0.006361520558572531,-0.009852216748768461,-0.07846410684474137,0.0027104214117694703
2024-06-12,0.0023126734505087843,-0.028606965174129306,0.007246376811594235,0.008503679780924589
2024-06-13,0.004922319643131612,-0.06658130601792567,-0.06924460431654678,0.0023445728948188194
2024-06-14,0.024644114495637526,-0.006858710562414272,-0.017391304347826098,-0.00039383555341243603
2024-06-17,0.009560800717060003,-0.011049723756906049,-0.03343166175024581,0.007664408277487045
2024-06-18,0.014649304527966756,-0.023743016759776525,-0.02238046795523918,0.002521363070800975
2024-06-20,-0.009771036896601859,0.007153075822603716,0.0468262226847036,-0.0025259566650810417
2024-06-21,0.01045655375552279,0.019886363636363535,0.008946322067594492,-0.001562165984246855
2024-06-24,-0.024923480542194953,0.01810584958217265,0.013793103448275668,-0.0030651719607218686
2024-06-25,0.005082212257099927,-0.009575923392612817,-0.017492711370262315,0.003933647462219136
2024-06-26,0.007882212968471247,0.0013812154696133394,-0.013847675568743667,0.0015724132887204867
2024-06-27,0.009738822487826537,0.01379310344827589,0.029087261785355922,0.0009072819876230209
2024-06-28,-0.013736665205319465,0.01224489795918382,0.012670565302144388,-0.004083627735109618
2024-07-01,-0.0019262112905614748,-0.045698924731182866,-0.024061597690086645,0.0026755889592124937
2024-07-02,0.008907363420427528,0.014084507042253502,0.05719921104536496,0.006195331948881222
2024-07-03,0.004267216009417485,0.004166666666666652,0.06902985074626877,0.005084398104196586
2024-07-05,0.012014652014652016,-0.0027662517289074318,0.030541012216404928,0.0054487793072806046
2024-07-08,-0.007239032865209216,-0.01386962552011095,-0.053344623200677455,0.0010166708878267539
2024-07-09,0.0,0.03234880450070321,0.03130590339892669,0.0007410929775606423
2024-07-10,-0.011812746098876836,-0.0027247956403269047,0.014744145706851786,0.010208033738690059
2024-07-11,-0.0365997638724912,0.008196721311475308,0.002564102564102555,-0.008763008283767415
2024-07-12,-0.007965686274509776,0.0027100271002711285,-0.01449275362318836,0.005517016620885551
2024-07-15,0.013588634959851742,0.002702702702702675,0.0017301038062282892,0.002826181805230199
2024-07-16,-0.0001523461304083762,0.07547169811320753,0.031951640759930955,0.006389379210899104
2024-07-17,-0.01340850220935541,0.04260651629072676,-0.006694560669456062,-0.013927512704686507
2024-07-18,-0.006949806949806958,0.024038461538461453,-0.020219039595619104,-0.007816372508844482
2024-07-19,-0.015085536547433942,0.01760563380281699,-0.009458297506448887,-0.007140293511332718
2024-07-22,0.022422232749092164,-0.013840830449826869,0.0017361111111111605,0.010792007266121617
2024-07-23,-0.00725868725868728,0.008187134502923854,0.017331022530329365,-0.001558116673645582
2024-07-24,-0.010578718108276264,-0.017401392111368708,-0.0076660988074956915,-0.023149031452155744
2024-07-25,-0.002987421383647826,-0.05667060212514763,-0.016309012875536433,-0.005142681306694263
2024-07-26,-0.0042580034694842395,0.040050062578222745,-0.023560209424083878,0.011090490848678192
2024-07-29,-0.006968641114982521,0.013237063778579916,-0.011617515638963294,0.000813320877067536
2024-07-30,-0.007017543859649145,0.04275534441805218,0.016274864376130127,-0.004960154039322595
2024-07-31,0.009155155798265424,-0.01480637813211838,0.016014234875444844,0.01579342363752767
2024-08-01,-0.005411427661944912,-0.03121387283236987,-0.027145359019264514,-0.013693569708273734
2024-08-02,-0.018082893262922117,-0.013126491646778149,-0.009900990099009799,-0.018381839946536194
2024-08-05,-0.024608865710560646,-0.047158403869407506,-0.042727272727272836,-0.029968802370122227
2024-08-06,0.018546365914786866,-0.03934010152284262,-0.007597340930674323,0.01035414252467537
2024-08-07,0.0031167979002624246,0.018494055482166427,0.000956937799043267,-0.007734688541859436
2024-08-08,0.030744071954210916,-0.08949416342412453,-0.02390057361376674,0.023042600250024137
2024-08-09,0.0057115659209900915,0.0014245014245015675,0.008814887365328206,0.004671658542179324
2024-08-12,-0.001262028711153107,-0.045519203413940335,0.0019417475728153999,4.303763360380408e-05
2024-08-13,0.023534986574000882,0.05216095380029806,-0.0029069767441861627,0.01684757287548244
2024-08-14,0.021141975308642147,-0.014164305949008416,-0.005830903790087327,0.0038237680860733203
2024-08-15,0.0022668883179688404,0.04022988505747138,0.07135874877810355,0.01613320110499883
2024-08-16,0.0164354644149578,0.023480662983425438,0.0036496350364962904,0.001989818192314141
2024-08-19,0.021361815754339153,0.029689608636977116,0.006363636363636349,0.009722284736913167
2024-08-20,0.014524328249818419,0.0183486238532109,-0.011743450767841113,-0.0019845762938528466
2024-08-21,-0.0020042949176807268,-0.01158301158301156,0.013711151736745864,0.004239680407066571
2024-08-22,-0.011619566776645884,-0.0234375,0.008115419296663706,-0.008932812652890587
2024-08-23,-0.0033381712626996407,0.07333333333333347,0.01610017889087656,0.011483420217425433
2024-08-26,0.0024756079801950825,0.022360248447204967,-0.002640845070422504,-0.0031537231503155905
2024-08-27,0.010604299825682562,-0.014580801944107047,-0.07149161518093561,0.0015952029967027936
2024-08-28,-0.017105074026160683,-0.01726263871763256,0.017110266159695797,-0.005976038963347419
2024-08-29,0.012723018426440635,-0.030112923462986108,-0.0224299065420559,-3.934065069444159e-05
2024-08-30,0.012851985559566792,0.014230271668822736,0.0009560229445506607,0.010093062182132906
2024-09-03,-0.037211291702309635,-0.061224489795918324,-0.0047755491881567025,-0.021151122441753323
2024-09-04,0.006515622686213529,-0.005434782608695676,0.0038387715930903177,-0.0016024800458679378
2024-09-05,0.0057378255112550125,0.013661202185792254,-0.007648183556405397,-0.0030180776693048417
2024-09-06,-0.026038619075482772,-0.02695417789757415,-0.027938342967244734,-0.01726020776209658
2024-09-09,0.014418744367678205,0.011080332409972415,0.021803766105054523,0.01158009178281283
2024-09-10,-0.0026650873556411936,-0.03835616438356171,-0.02133850630455869,0.004472633223969957
2024-09-11,0.011728028503563026,-0.011396011396011319,-0.01090188305252715,0.010665050805019227
2024-09-12,0.007776962582538571,0.10374639769452454,0.028056112224448926,0.007495323299958834
2024-09-13,0.014997087944088383,0.10835509138381205,0.030214424951267027,0.0054076658041088965
2024-09-16,-0.0008607086501217776,0.008244994110718551,-0.014191106906338735,0.0012566610143582846
2024-09-17,0.014931801866475025,-0.012850467289719725,0.0019193857965451588,0.00026450846693371055
2024-09-18,-0.023199886829820326,-0.0035502958579880506,0.011494252873563315,-0.0028964004415590328
2024-09-19,0.019985517740767733,-0.002375296912113911,-0.009469696969696906,0.01697678640717948
2024-09-20,-0.004685503336646524,-0.01904761904761909,-0.008604206500956169,-0.0019409693295342478
2024-09-23,0.006276747503566549,-0.009708737864077666,0.0009643201542912649,0.002809269537312087
2024-09-24,0.0239580379926283,0.019607843137254832,0.016377649325626242,0.002511117289812015
2024-09-25,-0.0009691264017722689,-0.01562500000000011,0.0,-0.0018611774432969463
2024-09-26,-0.014135254988913437,0.013431013431013605,0.010426540284360186,0.004038614114003858
2024-09-27,-0.005622715771717801,0.009638554216867545,0.012195121951219523,-0.0012531829977877607
2024-09-30,0.002685891998869261,-0.015513126491646823,-0.01575532900834109,0.0042365423122701085
2024-10-01,-0.004511490201607349,-0.010909090909090868,-0.0018832391713746732,-0.009324110452443968
2024-10-02,0.00708114997875664,-0.023284313725490224,-0.016037735849056545,0.00013838405955768351
2024-10-03,-0.006046969483898046,-0.02885821831869506,0.0019175455417066445,-0.001681396399709989
2024-10-04,0.01825127334465182,0.0051679586563306845,0.006698564593301537,0.008970269862489832
2024-10-07,-0.024732527441989727,-0.007712082262210873,0.0,-0.009586042249529192
2024-10-08,0.028351617039464427,0.0,-0.0019011406844106071,0.00968935768284096
2024-10-09,0.00775838182321964,0.0012953367875647714,0.004761904761904745,0.0071133846739683815
2024-10-10,0.003986802309595916,-0.02457956015523932,-0.019905213270142275,-0.0020700823889336917
2024-10-11,-0.010269752156647938,-0.0026525198938992522,0.0009671179883945502,0.00605185076253667
2024-10-14,-0.013558384061981288,0.0026595744680850686,0.0019323671497584183,0.007707612858403268
2024-10-15,-0.009817671809256745,0.007957559681697646,0.012536162005786,-0.0076094097971791674
2024-10-16,-0.005665722379603277,0.05263157894736836,0.0019047619047618536,0.004679068519722218
2024-10-17,-0.02051282051282044,-0.02749999999999997,-0.018060836501901045,-0.00017116048520571248
2024-10-18,0.11096567771960442,0.005141388174807249,0.011616650532429773,0.003971603038276372
2024-10-21,0.010734389317973436,-0.034526854219948944,-0.013397129186602741,-0.0018227794573267841
2024-10-22,-0.010231835254500665,-0.0026490066225165476,-0.0038797284190107417,-0.0004748905872585807
2024-10-23,-0.01949751373985864,-0.026560424966799445,0.003894839337877487,-0.009191277003007925
2024-10-24,0.007073268383824827,0.02592087312414737,-0.0009699321047526022,0.002145782089274073
2024-10-25,0.0001325205406839114,0.010638297872340496,-0.002912621359223433,-0.0002994908655286066
2024-10-28,-0.0074201669537564685,0.0013157894736843812,0.015579357351509282,0.002651460369276215
2024-10-29,0.01374983313309297,-0.007884362680683377,0.003835091083413289,0.0016141440228589765
2024-10-30,-0.0075059257308400795,0.029139072847682135,0.018147086914995114,-0.0033002338451409985
2024-10-31,0.0030516120472334762,0.04633204633204646,0.026266416510318802,-0.018614747655095742
2024-11-01,0.00013227513227520582,0.012300123001230068,0.00365630712979903,0.004092578148962911
2024-11-04,-0.0007935458272715357,-0.007290400972053468,-0.010018214936247882,-0.002812107247591178
2024-11-05,0.011118464592984934,0.004895960832313362,0.02023919043238287,0.012265675189796932
2024-11-06,0.021337871449142565,0.020706455542021995,0.026149684400360806,0.025295879476236127
2024-11-07,0.02089207895411449,0.11813842482100223,0.013181019332161537,0.007431219893945906
2024-11-08,-0.0018832391713747842,-0.02027748132337237,-0.039895923677363276,0.0037568431802581514
2024-11-11,0.013081761006289438,0.016339869281045694,0.04336043360433606,0.000969053663222974
2024-11-12,0.017506828904891858,-0.011789924973204635,-0.008658008658008809,-0.002892682479775477
2024-11-13,0.01342281879194629,0.054229934924078016,-0.02532751091703045,0.00023228648443596178
2024-11-14,0.008187838651414925,0.014403292181069727,0.017025089605734678,-0.0060497412027306074
2024-11-15,-0.01588439030216171,-0.06490872210953336,-0.04493392070484581,-0.013203522508181798
2024-11-18,0.028033980582524043,0.027114967462039008,-0.02121771217712176,0.003917814472747416
2024-11-19,0.028568055719513596,0.0031678986272438703,-0.026390197926484338,0.003963608105035599
2024-11-20,0.014461150005738554,0.047368421052631504,0.02420135527589551,2.1970667468895755e-05
2024-11-21,0.015386355922615724,0.028140703517588017,0.04820415879017004,0.005340444913141784
2024-11-22,0.0003342618384400975,-0.011730205278592476,-0.018935978358881833,0.0034679787718681077
2024-11-25,-0.03586544887502785,0.028684470820969477,0.022058823529411686,0.0030204344198856425
2024-11-26,0.008086876155268152,-0.027884615384615508,-0.04316546762589912,0.005722044904524104
2024-11-27,0.005386202154480824,0.02670623145400608,0.012218045112781795,-0.0038012963267421984
2024-11-29,0.010828678901174005,0.00963391136801528,0.00742804085422466,0.005607844313972654
2024-12-02,0.01229138475417213,0.007633587786259444,0.011981566820276512,0.0024484531809998433
2024-12-03,0.0050128105157625225,-0.0009469696969697239,-0.005464480874316946,0.00045145233705135013
2024-12-04,0.009864774994458037,0.009478672985781866,0.009157509157509125,0.006051359696390701
2024-12-05,0.0074635056525080845,0.0028169014084507005,-0.019056261343012637,-0.0018697147288503357
2024-12-06,0.018302647347205436,-0.0018726591760299671,0.016651248843663202,0.002495428066323191
2024-12-09,-0.022467101743875006,-0.009380863039399556,0.016378525932666088,-0.006144226774839168
2024-12-10,-0.00043778045310283176,0.03125,0.0026857654431511335,-0.0029638930421207466
2024-12-11,0.025511879995620212,-0.006427915518824601,-0.0008928571428571397,0.008165821859812183
2024-12-12,-0.01174460815716416,0.15434380776340118,0.03932082216264532,-0.0054140321061636465
2024-12-13,-0.007238547968885012,-0.033626901521216945,-0.03525365434221839,-2.6440818012729572e-05
2024-12-16,0.0023941669387310682,-0.03893951946975982,-0.021390374331550777,0.00379931549522472
2024-12-17,-0.002171316903702092,-0.02155172413793105,-0.015482695810564606,-0.0038639596449174807
2024-12-18,-0.03209661625503213,-0.06343612334801751,-0.012025901942645745,-0.029492894104891865
2024-12-19,0.01393884892086339,-0.013170272812794037,-0.009363295880149725,-0.0008650990436227524
2024-12-20,0.0077605321507761005,0.019065776930409895,0.007561436672967936,0.010869120584686254
2024-12-23,0.0026402640264024946,-0.023386342376052416,-0.02908067542213888,0.007287319692792726
2024-12-24,0.022712310730743868,0.01053639846743315,0.006763285024154575,0.011042722967758989
2024-12-26,-0.008582770089046177,0.006635071090047351,0.0019193857965451588,-0.00040562645280495246
2024-12-27,-0.017963423871875328,-0.0009416195856873921,-0.003831417624520994,-0.011055735815118317
2024-12-30,-0.007823691460055016,-0.009425070688030113,-0.00576923076923086,-0.010702011777237508
2024-12-31,-0.010106619280319973,0.0057088487155090295,0.011605415860735047,-0.004284790432948271
2025-01-02,-0.005161000785369629,0.008514664143803197,0.011472275334607929,-0.002223873314030289
2025-01-03,-0.006315552046915585,-0.008442776735459678,0.008506616257088817,0.012595956411720177
2025-01-06,0.0007944614686188345,0.024597918637653704,0.024367385192127333,0.005538101159955344
2025-01-07,-0.0029485144023588816,-0.029547553093259515,-0.0036596523330282293,-0.011103896321238205
2025-01-08,-0.004777070063694322,-0.04281636536631772,-0.022956841138659367,0.0015603237756451893
2025-01-10,-0.04262857142857146,-0.03578528827037786,-0.015037593984962405,-0.01541165040341319
2025-01-13,0.003103736421153247,0.014432989690721598,0.022900763358778553,0.0015754139322881056
2025-01-14,-0.014161608949184834,-0.011178861788617822,-0.004664179104477695,0.001146289893115604
2025-01-15,0.024022211492032763,0.006166495375128367,-0.021555763823805085,0.018312792769356268
2025-01-16,-0.006955086643876007,-0.032686414708886447,-0.026819923371647403,-0.002112636997870454
2025-01-17,0.01863722697056036,0.0052798310454065245,0.010826771653543288,0.009991006073426734
2025-01-21,0.013518237967602875,0.02626050420168058,0.020447906523856085,0.00876821430596375
2025-01-22,0.09692997585374274,0.028659160696008268,0.002862595419847347,0.006137961132307579
2025-01-23,0.032389937106918065,0.022885572139303312,0.03425309229305418,0.00531351199483443
2025-01-24,-0.0074119199918772916,-0.0029182879377431803,0.01839926402943881,-0.0028551769899211044
2025-01-27,-0.005830605564648206,0.023414634146341484,0.008130081300812941,-0.0145806426234667
2025-01-28,-0.0001028912439550167,-0.022878932316491962,-0.008960573476702427,0.009217800900823026
2025-01-29,0.0065857172257663965,0.017560975609756113,0.002712477396021651,-0.004678873378710091
2025-01-30,-0.005111429155591929,0.0182166826462129,-0.009918845807033283,0.0052754370946348494
2025-01-31,0.0036991368680643344,-0.016949152542372836,-0.00910746812386154,-0.005046803169735048
2025-02-03,0.002149877149877133,-0.026819923371647403,-0.01378676470588236,-0.007608603880785325
2025-02-04,0.016344876902645744,-0.009842519685039353,0.017707362534948645,0.007224871842350655
2025-02-05,0.01628304352196208,0.012922465208747402,-0.0073260073260073,0.003908656680821743
2025-02-06,0.004549500543961971,0.0009813542688910104,0.0,0.00364432448840879
2025-02-07,-0.0017721768238652125,-0.0039215686274508554,-0.019372693726937174,-0.009464837258386094
2025-02-10,0.013512180688430853,-0.017716535433070835,-0.007525870178739402,0.006712589964470439
2025-02-11,-0.018976255352277205,-0.013026052104208485,0.0018957345971564177,0.00033957312690802155
2025-02-12,0.01904572959031836,-0.003045685279187804,0.0066225165562914245,-0.002723902117491961
2025-02-13,0.015964177942178637,0.038696537678207577,0.015977443609022535,0.010426357037460532
2025-02-14,0.014276132988406687,0.013725490196078383,0.04532839962997226,-7.195338728738232e-05
2025-02-18,-0.021537880219157368,0.027079303675048294,0.0008849557522123686,0.0024449557863681637
2025-02-19,0.007240780073373143,0.025423728813559476,0.011494252873563093,0.002376998097748828
2025-02-20,-0.018019745039777546,0.013774104683195398,0.002622377622377714,-0.004334204080303938
2025-02-21,-0.020790629575402675,-0.023550724637681153,0.0017436791630338622,-0.0170641044083224
2025-02-24,-0.014653110047846862,0.0287569573283859,0.015665796344647598,-0.0049691258961639395
2025-02-25,-0.01143146181082444,-0.03606853020739409,-0.014567266495287057,-0.004679730915472358
2025-02-26,0.013200982398690275,-0.017773620205799756,-0.024347826086956514,0.0001360144410393893
2025-02-27,-0.027269972730027292,0.04761904761904767,0.0017825311942958333,-0.01586451446090209
2025-02-28,0.0181704911224172,0.041818181818181976,0.010676156583629748,0.015854114170776867
2025-03-03,-0.007036508260248819,-0.03839441535776622,-0.004401408450704136,-0.017596775547904953
2025-03-04,-0.0011297114100852212,0.02722323049001818,0.015030946065428763,-0.012234773630190987
2025-03-05,0.018815545959284474,0.009717314487632356,0.002613240418118501,0.011159281084776262
2025-03-06,-0.08527601170652943,-0.06386701662292216,0.021720243266724504,-0.017819030128555013
2025-03-07,-0.016879964695498684,0.03457943925233664,0.03231292517006801,0.005520587189728143
2025-03-10,-0.027381887554707607,-0.04336043360433606,-0.011532125205930832,-0.026973068524487775
2025-03-11,0.032767970462674656,-0.02077431539187924,-0.044166666666666576,-0.007567823658488071
2025-03-12,0.02748296279745266,0.004821600771456103,0.009590235396687019,0.004886873280486537
2025-03-13,-0.032075676851147095,-0.050863723608445266,0.005181347150259086,-0.013891022092047178
2025-03-14,0.031228937317456795,0.03033367037411505,0.004295532646048095,0.021265883307494793
2025-03-17,0.034858387799564294,0.028459273797841078,-0.0008554319931565191,0.006416099479689574
2025-03-18,-0.021052631578947323,-0.00858778625954193,-0.001712328767123239,-0.010653519220738983
2025-03-19,0.0317204301075269,0.05101058710298356,0.006861063464836947,0.010798516740105457
2025-03-20,-0.00906722251172487,-0.024725274725274637,0.016183986371379966,-0.002184910374623983
2025-03-21,0.009991586032814581,0.008450704225352101,-0.005867560771165126,0.0008246672635350283
2025-03-24,0.012183692596063667,0.02141527001862209,-0.018549747048903775,0.017646041682840563
2025-03-25,0.02602880658436213,0.0009115770282588365,-0.002577319587628968,0.0015743198608773046
2025-03-26,-0.02667201443898537,0.004553734061930603,0.021533161068044704,-0.01115698545004451
2025-03-27,0.0061811064180488096,-0.0018132366273798661,-0.015177065767284947,-0.0033069570393192693
2025-03-28,-0.04382102999897619,-0.05812897366030889,-0.010273972602739656,-0.019737200328104554
2025-03-31,-0.001499089838312484,0.034715525554484206,0.03460207612456756,0.0055384935154294546
2025-04-01,-0.004396782841822988,-0.048462255358806994,-0.019230769230769273,0.003781284246727745
2025-04-02,0.007647565704437698,0.03428011753183147,0.01449275362318847,0.006728125160880394
2025-04-03,-0.01966862640299305,-0.13257575757575757,-0.03529411764705881,-0.04839560075260485
2025-04-04,-0.0667320902845926,-0.11899563318777295,-0.0357142857142857,-0.05974961641947041
2025-04-07,0.013903493398761402,0.0024783147459725985,-0.018970189701897122,-0.0023314571311449095
2025-04-08,0.00299608204655466,-0.04944375772558707,-0.01933701657458553,-0.015700528421156545
2025-04-09,0.08628216911764697,0.20416124837451233,0.04600938967136159,0.09515390034057347
2025-04-10,-0.025700687466948646,-0.12526997840172793,-0.019748653500897717,-0.034607561069471604
2025-04-11,-0.003148067737733462,-0.016049382716049387,-0.0210622710622711,0.018092083408471682
2025-04-14,0.014156593705760612,0.006273525721455453,0.0,0.007944646639420183
2025-04-15,0.04831955331257376,0.028678304239401653,0.015902712815715647,-0.0017277195396940837
2025-04-16,-0.015056847280549013,-0.040000000000000036,-0.013812154696132506,-0.022408428964001637
2025-04-17,0.011855241264559169,0.023989898989899006,0.02147525676937434,0.0013268381447011368
2025-04-21,0.01531346351490237,-0.020961775585696563,-0.01645338208409508,-0.023567493895167213
2025-04-22,0.053041805850794654,0.0012594458438286438,0.020446096654275214,0.02511728897677501
2025-04-23,0.008939728924348689,0.04779874213836477,0.02003642987249532,0.016661119264111734
2025-04-24,0.045064786585365946,0.020408163265306145,0.020535714285714324,0.02025908412793509
2025-04-25,0.004193636612271012,0.010588235294117565,0.026246719160105014,0.007373144179245283
2025-04-28,0.008079891057648725,0.012805587892898762,-0.0034100596760444635,0.0006406996295162948
2025-04-29,0.0136887608069165,0.008045977011494232,0.0051325919589393365,0.0058023965634184105
2025-04-30,0.005419331911869163,-0.011402508551881407,-0.0008510638297871687,0.0014799948928487794
2025-05-01,0.0015905275249623596,-0.02768166089965396,-0.0076660988074956915,0.006299088176460632
2025-05-02,0.02029113365681523,0.013048635824436383,-0.018884120171673846,0.014726612825518126
2025-05-05,-0.019368785127540034,-0.01990632318501173,-0.015748031496062964,-0.0063815906321273985
2025-05-06,0.00317432325191791,0.007168458781362075,0.022222222222222143,-0.007693287885062627
2025-05-07,0.015557704139931516,0.01542111506524324,0.006086956521739184,0.004346422539330819
2025-05-08,-0.00952051237666618,0.052570093457943834,0.009507346585998278,0.005799747126763233
2025-05-09,-0.0036700454386577874,0.006659267480577213,0.022260273972602773,-0.0007115188367108338
2025-05-12,-0.026486581301526035,0.01764057331863289,0.0008375209380233617,0.03255882160670387
2025-05-13,0.025585585585585546,-0.005417118093174467,0.0033472803347280866,0.007248224304822415
2025-05-14,0.01106816584680237,0.0032679738562093608,-0.015012510425354453,0.001024369112638146
2025-05-15,0.023457862728062606,-0.007600434310532034,0.007620660457239525,0.004132315556174104
2025-05-16,0.011460101867572181,0.002188183807439792,-0.01680672268907568,0.0070053220166539365
2025-05-19,8.392782207300442e-05,-0.012008733624454093,0.006837606837606813,0.000876077054501545
2025-05-20,0.00033568311513931803,0.019889502762430844,0.007640067911714787,-0.0038802065866255786
2025-05-21,0.0021812080536911527,-0.030335861321776902,0.0016849199663018233,-0.016135114115741978
2025-05-22,-0.0055248618784530246,0.007821229050279266,-0.002523128679562725,-0.0004448543187653975
2025-05-23,-0.002188552188552073,-0.0022172949002217113,0.00927487352445211,-0.006708307585916562
2025-05-27,0.022102243968280755,0.061111111111111116,0.005012531328320691,0.020459018201495205
2025-05-28,-0.0024760647078243547,0.049214659685863804,0.004987531172069959,-0.005571185873944895
2025-05-29,-0.019609465497269607,0.001996007984031989,0.007444168734491274,0.004011174227950942
2025-05-30,0.018820153599459877,-0.006972111553784743,-0.006568144499178974,-8.118846379590039e-05
2025-06-02,0.009774685222001311,0.0030090270812437314,-0.013223140495867813,0.00410204188649943
2025-06-03,-0.0009023789991796649,-0.006000000000000005,0.005862646566164198,0.005800260784307065
2025-06-04,0.017899663354955297,-0.015090543259557387,-0.006661115736885881,7.369727504324963e-05
2025-06-05,0.008711785109300596,-0.0143003064351378,-0.0025146689019278634,-0.005277340930292529
2025-06-06,-0.007197121151539365,0.01761658031088076,0.001680672268907557,0.010280672806559643
2025-06-09,-0.013693113169553017,-0.029531568228105987,0.006711409395973256,0.0009199448033119229
2025-06-10,-0.017068191098407515,0.050367261280167996,0.01416666666666666,0.005482960032501483
2025-06-11,0.013542705217680195,0.049950049950050035,0.005751848808545734,-0.002743918089822439
2025-06-12,-0.004016722682187002,-0.033301617507136005,-0.02450980392156865,0.0038224979409655635
2025-06-13,-0.002386831275720258,-0.01279527559055127,-0.0041876046901171415,-0.01129645375054178
2025-06-16,0.010972692022110486,0.07278165503489542,0.008410428931875602,0.009392719053299414
2025-06-17,-0.0038354822914967723,-0.016728624535315983,-0.0016680567139282232,-0.008352242873078675
2025-06-18,0.0013107233554519038,-0.000945179584120992,0.005847953216374213,-0.00030922389816012696
2025-06-20,0.007444980773950727,-0.004730368968779652,0.02574750830564798,-0.002178612810510794
2025-06-23,0.017947052135780295,0.015209125475285079,-0.0024291497975708065,0.009606490790637912
2025-06-24,0.020422816114878284,0.02059925093632975,-0.008928571428571397,0.011121677894565751
2025-06-25,-0.002970838871081183,-0.0027522935779817903,0.0008190008190007703,-3.282897091061443e-06
2025-06-26,0.02462165764918045,0.02575896964121438,0.008183306055646433,0.008020143922681022
2025-06-27,0.012550700237238921,0.013452914798206317,0.017045454545454364,0.005219002706390752
2025-06-30,0.012092812334668634,0.014159292035398341,0.029529130087789346,0.0051643671625301035
2025-07-01,-0.033978044955567,-0.04537521815008738,0.020155038759689825,-0.0011184618731818752
2025-07-02,-0.00672541743970323,0.01645338208409508,-0.024316109422492405,0.004745071401949907
2025-07-03,0.009572729395283641,0.00899280575539585,0.004672897196261738,0.00833892687501403
2025-07-07,-0.005858772741288876,-0.01782531194295911,-0.028682170542635776,-0.00786227873904155
2025-07-08,-0.011088709677419373,0.03539019963702361,0.007980845969672856,-0.0007158931489344988
2025-07-09,0.010193679918450549,0.007011393514460895,-0.0015835312747427555,0.0060621442064277
2025-07-10,-0.029263370332997085,0.013925152306353272,0.012688342585249757,0.00274617371784025
2025-07-11,-0.004397889013273648,0.006866952789699621,-0.001566170712607673,-0.0032975291618766445
2025-07-14,0.013492892137177748,0.023870417732310356,0.019607843137254832,0.0014074044490595128
2025-07-15,-0.0012679293129407299,0.0016652789342215257,-0.003076923076922977,-0.003956251515499609
2025-07-16,-0.007934618741569421,0.0457190357439734,0.0007716049382715529,0.003193588478737075
2025-07-17,0.01911541230104774,0.020667726550079424,-0.0023130300693909867,0.005373820585277134
2025-07-18,-0.05101239993721551,-0.007009345794392496,0.003863987635239541,-9.051412020266714e-05
2025-07-21,0.019930532583526173,0.0039215686274509665,0.003079291762894565,0.0013991255862113583
2025-07-22,-0.03502797372901967,0.00390625,0.006139677666922472,0.0006375285460542557
2025-07-23,-0.011175531467943811,0.0357976653696499,0.006864988558352492,0.007811880905664648
2025-07-24,0.003399048266485405,0.01427498121712989,0.00454545454545463,0.000698232873244109
2025-07-25,-0.0002540650406503975,-0.0007407407407407085,-0.015837104072398134,0.003974321701619488
2025-07-28,-0.004997882253282571,0.015567086730911672,-0.0007662835249043765,0.00017687645570885202
2025-07-29,-0.005022986548612218,-0.04233576642335768,0.01610429447852768,-0.0029594179446209568
2025-07-30,0.013262599469495928,0.010670731707317138,0.0037735849056603765,-0.001249438851269713
2025-07-31,-0.020942408376963373,-0.006787330316742057,-0.05488721804511276,-0.0036948561190650597
2025-08-01,-0.0006900120752113548,-0.02277904328018232,0.03500397772474151,-0.01599207494727417
2025-08-04,0.010702572069739347,-0.005439005439005329,-0.05380476556494995,0.01473707159815385
2025-08-05,-0.019726729291204004,-0.006249999999999978,-0.04549147034930956,-0.004857865951336082
2025-08-06,0.026657374335743445,0.005503144654087855,-0.06042553191489364,0.007281888623775545
2025-08-07,0.0016122189223590766,-0.07271305707584053,0.06340579710144945,-0.0007974707882983934
2025-08-08,0.026431718061673992,-0.0801011804384485,-0.10477001703577515,0.007799684542586727
2025-08-11,0.005529877847474385,-0.01191567369385893,-0.0371075166508088,-0.002504127898332431
2025-08-12,0.005745711236969653,0.04081632653061229,0.08399209486166015,0.011345503612643082
2025-08-13,-0.017057047253733804,0.07397504456327986,0.36736554238833175,0.0032300302834731287
2025-08-14,0.02175357024244451,-0.02240663900414952,-0.04133333333333333,0.00030309684562790373
2025-08-15,0.0067446773931414405,0.005942275042444933,-0.045897079276773334,-0.0028970988816641174
2025-08-18,0.005004439422068074,-0.0025316455696201556,-0.016034985422740622,-0.00010077831870769494
2025-08-19,-0.02481728375230907,-0.021996615905245376,-0.001481481481481417,-0.005858136343549147
2025-08-20,-0.00024707626420694684,-0.0017301038062285112,0.0370919881305638,-0.002431617579394141
2025-08-21,-0.006343191366669387,0.004332755632582286,0.1466380543633763,-0.00400420277120217
2025-08-22,-0.0013264798540872924,0.039689387402933596,-0.0018714909544604863,0.01518640789806236
2025-08-25,0.011207039681222053,-0.0008298755186723072,-0.0024999999999999467,-0.0042663343080389105
2025-08-26,0.006567605286922129,-0.019933554817275656,-0.007518796992481258,0.004133976879546308
2025-08-27,-0.0021205448168991614,0.029661016949152463,-0.06502525252525249,0.002390990327779008
2025-08-28,0.006456885982836225,-0.007407407407407418,-0.008102633355840716,0.003156725398833604
2025-08-29,-0.01884034432353421,-0.03482587064676612,0.000680735194009463,-0.0063981691392923645
2025-09-02,0.0048832974673067575,-0.001718213058419349,-0.01632653061224476,-0.006922322011807647
2025-09-03,0.009966230129313969,0.025817555938038028,0.04149377593361003,0.005100116280157385
2025-09-04,0.02552601533191967,-0.012583892617449743,-0.021248339973439556,0.00834643764364329
2025-09-05,-0.010894632206759458,0.028887000849617595,0.01763907734056991,-0.003165141001033489
2025-09-08,0.0008039877793857286,0.019818331957060398,0.012666666666666604,0.0021059939828742547
2025-09-09,0.014781491002570535,-0.0072874493927125306,0.0006583278472678256,0.0026881596267984698
2025-09-10,-0.012270424319189344,0.022838499184339334,-0.005921052631578938,0.0029834428900241683
2025-09-11,-0.035425182335497296,0.28947368421052655,0.1555261416280609,0.008485863528086224
2025-09-12,-0.012546738678853253,0.16697588126159557,0.07617411225658643,-0.0004827346462299431
2025-09-15,0.01169639851901727,0.03126656067832534,-0.011176157530601416,0.004706657817319604
2025-09-16,-0.001497130499875321,-0.062178828365878736,-0.05651237890204508,-0.00128792734396721
2025-09-17,0.023323615160349753,-0.014246575342465873,0.02224757558471202,-0.0009702183823840915
2025-09-18,-0.01684981684981679,0.0394663702056699,-0.0022321428571430157,0.004789139969850087
2025-09-19,0.01589667163437647,0.033689839572192515,0.05816554809843422,0.004885433567150432
2025-09-22,0.00032599837000812926,0.014485256078634379,-0.01638477801268512,0.004410025868950784
2025-09-23,-0.007251099885937751,-0.0025497195308515908,0.06018269747447613,-0.005502147525676904
2025-09-24,-0.011981945014361894,0.013292433537832382,-0.03091738469336036,-0.002846661819580154
2025-09-25,0.003571725226347633,-0.0020181634712411745,-0.009937238493723966,-0.005009061505249379
2025-09-26,0.001986426088395943,-0.013650151668351818,-0.0005282620179608566,0.00590183989631643
2025-09-29,-0.003469354039319361,-0.033316248077908894,0.030655391120507414,0.0026355795716241914
2025-09-30,-0.00621684350132623,0.035524920466596166,-0.029743589743589705,0.0040908483593822265
2025-10-01,-0.023354741846692728,-0.009216589861751112,-0.001585623678647008,0.0033998857734067744
2025-10-02,-0.007173968741993386,-0.005684754521963931,-0.014293276866066629,0.0006183692931220897
2025-10-03,-0.007913978494623719,-0.01299376299376298,0.025241675617615478,6.552152903416264e-05
2025-10-06,0.008670770831527008,0.004739336492890933,0.002095337873232017,0.0036466298082578064
2025-10-07,0.02389753288059837,-0.0251572327044024,-0.032409827496079346,-0.003811414362608012
2025-10-08,0.019477793636134777,-0.03817204301075272,-0.0005402485143166658,0.005827608238179849
2025-10-09,0.013835131351395802,-0.012297372833985354,-0.02864864864864869,-0.002755518440207827
2025-10-10,-0.008935098692226418,-0.032258064516129004,-0.0539788536449638,-0.027111658161485086
2025-10-13,-0.0009015654454552768,0.039766081871345005,0.00588235294117645,0.015598602672868944
2025-10-14,-0.00295324036095157,0.011248593925759165,0.011111111111111072,-0.0015643032313906735
2025-10-15,-0.009955570182656026,0.02614015572858719,0.00809716599190291,0.004026001195007511
2025-10-16,-0.016371644643895955,-0.008672086720867167,-0.0304073436603558,-0.0062943520220175575
2025-10-17,0.01334910442717141,-0.0054674685620556,-0.007692307692307665,0.005270724249404557
2025-10-20,0.03268300817075209,0.007146783947223678,0.013118664281454917,0.010672252892777845
2025-10-21,0.002260616825448203,0.10971615720524008,-0.028251912889935116,3.266455138950519e-05
2025-10-22,-0.10069276623167389,0.009837678307919484,0.003634161114475898,-0.005337510300132964
2025-10-23,-0.0025080616266571765,0.03507062834875785,-0.0060350030175015945,0.005827387527241212
2025-10-24,-0.016971982758620663,-0.004705882352941226,0.015179113539769196,0.007902422519158847
2025-10-27,-9.134922809905799e-05,-0.005200945626477549,-0.00897129186602863,0.012290019126314666
2025-10-28,0.007217248309884905,-0.002376425855513342,-0.021726010863005407,0.0022879467532392894
2025-10-29,-0.0019047619047618536,0.01667460695569334,-0.02035780382479946,-4.353574066628951e-05
2025-10-30,-0.01035986913849507,0.013120899718837897,-0.026448362720402963,-0.009904812214919234
2025-10-31,0.027456382001836532,0.03839037927844591,-0.004527813712807305,0.0026178701149457417
2025-11-03,-0.016802216462597164,-0.007126948775055708,0.0019493177387914784,0.0017207099207625642
2025-11-04,-0.006453958731024501,0.013907581875280517,-0.03761348897535666,-0.011736770592982726
2025-11-05,0.005032021957914079,0.0070796460176991705,0.016846361185983927,0.0036535209811638936
2025-11-06,-0.001365498406918464,-0.01493848857644986,-0.019218025182239806,-0.011178157494750818
2025-11-07,0.006107566089334604,0.011150758251561088,0.020270270270270174,0.0012618446740633171
2025-11-10,0.01485911026547071,0.013674459638288505,0.009933774834437026,0.015400963024610581
2025-11-11,0.014552272118560694,0.003046127067014792,0.09770491803278669,0.0020753963084874094
2025-11-12,0.018567405843012974,-0.037310195227765686,-0.06989247311827951,0.0006295086181336007
2025-11-13,-0.0028509719222462593,-0.0022532672374944163,-0.012845215157353929,-0.016556900387101336
2025-11-14,-0.03638884075550164,0.04019873532068652,0.0201691607026675,-0.0005016705034071034
2025-11-17,-0.008361805430677882,-0.012592270950933626,0.0031887755102040227,-0.009162309495983845
2025-11-18,0.0344546196391331,0.04177660510114345,0.022886204704386515,-0.008256387122493991
2025-11-19,-0.03584889122622492,-0.025327142254115698,-0.03853325046612799,0.0037537855204221593
2025-11-20,-0.03936363636363638,-0.009094846253789535,0.013574660633484115,-0.01556722511953934
2025-11-21,-0.01287025645878681,0.01267482517482521,0.013392857142857206,0.00982296337531885
2025-11-24,0.025500910746812266,-0.013379369874838232,-0.05223410950283203,0.015467235297948356
2025-11-25,-0.024025427690006484,0.004374453193350947,0.038512616201859196,0.009061731930226413
2025-11-26,0.016666666666666607,0.04006968641114983,0.00959079283887454,0.006906714278112958
2025-11-28,0.013566986998304165,0.005025125628140836,0.014566181127295685,0.005354775922884247
2025-12-01,0.01440788250604208,-0.005416666666666625,-0.019350811485642883,-0.00532333492478565
2025-12-02,0.0020159442866305444,0.02764976958525356,0.007001909611712209,0.002457200816718297
2025-12-03,-0.04929126657521721,0.0016306563391765838,-0.072692793931732,0.002979777051177468
2025-12-04,-0.0071181223547517325,-0.0012210012210012167,0.010224948875255713,0.0010803361305278258
2025-12-05,-0.0288703739585352,0.06275468622656888,-0.09851551956815119,0.0019366731222436595
2025-12-08,-0.03441739824421375,0.044095092024539984,0.09056886227544925,-0.0034772356776897606
2025-12-09,-0.000826531666494601,0.03782592728608147,0.0048043925875085325,-0.0008763589040255981
2025-12-10,-0.04136076931030919,0.044939844302901655,0.005464480874316946,0.006749496748049477
2025-12-11,0.014885125660662357,-0.0013545546901456706,-0.04076086956521752,0.0020793764194066977
2025-12-12,0.011690934211924686,0.016615801966768373,-0.026912181303116123,-0.010663671931604113
2025-12-15,-0.014917533354343981,-0.009006004002668377,0.0181950509461426,-0.0015965058492165562
2025-12-16,0.008531513277167502,-0.027263547627061624,-0.010007147962830643,-0.0023839178699950336
2025-12-17,0.0023263191286879703,-0.02387543252595148,-0.054151624548736454,-0.011592203827500702
2025-12-18,-0.00833421246966981,-0.021269053527118054,-0.006870229007633566,0.007934323499612317
2025-12-19,0.004148936170212725,0.005795001810938061,0.003074558032282848,0.008818024549947179
2025-12-22,-0.01228943744040678,0.0352898811667266,0.04291187739463598,0.006436462067451965
2025-12-23,0.0028960634988737244,0.013913043478260834,-0.005878030859661987,0.004550417315428268
2025-12-24,0.0014973262032085266,0.002744425385934779,0.015521064301552201,0.0032215161386959235
2025-12-26,0.008863733447244782,-0.014710913445090679,-0.01091703056768567,-0.0003043832632483312
2025-12-29,-0.0033873187255212267,-0.0003472222222222765,-0.0066225165562914245,-0.0034920937266411656
2025-12-30,-0.003929899097185441,0.005210142410559282,0.0007407407407407085,-0.0013756671985912794
2025-12-31,-0.00021326508850494363,-0.00414651002073263,-0.008142116950407119,-0.0073576325649918894
2026-01-02,-0.02954351535836186,-0.01075641915336567,-0.016417910447761197,0.0018946753341611
2026-01-05,0.005165402791515561,0.0007015082427217489,-0.015174506828528056,0.0063541868667500445
2026-01-06,-0.008856330636343612,-0.002103049421661507,-0.036979969183358996,0.006196709673212952
2026-01-07,0.0008825151682294585,0.004214963119072657,-0.010400000000000076,-0.0034399739662078765
2026-01-08,-0.0022043425548330386,-0.009443861490031513,-0.00808407437348424,7.65793036485718e-05
2026-01-09,-0.011819286424389785,0.02012711864406791,-0.017114914425427785,0.006475512391894256
2026-01-12,-0.0005589090096131955,-0.01696088611976465,0.00746268656716409,0.0015775995222702122
2026-01-13,0.010177832457219482,0.01619718309859164,-0.0008230452674896638,-0.0019391538524380358
2026-01-14,-0.01959698848538527,-0.007969507969508016,-0.0049423393739703725,-0.0053333409920530706
2026-01-15,-0.005646527385657851,-0.004889975550122272,-0.020695364238410563,0.002579909335027164
2026-01-16,-0.0005678591709256109,0.003159003159003193,-0.002535925612848655,-0.000642237636565457
2026-01-20,-0.00840909090909081,-0.011896431070678837,-0.021186440677966045,-0.020626771431165203
2026-01-21,-0.021774008709603554,0.010269121813031301,0.0043290043290042934,0.011587703733783039
2026-01-22,-0.021321462043111472,-0.005958640028040696,0.01551724137931032,0.005487505126810399
2026-01-23,0.030883409145319618,0.007757404795486478,-0.006791171477079749,0.0003269037442048539
2026-01-26,-0.0048769159312587185,-0.011896431070678837,0.016239316239316404,0.005006065986948416
2026-01-27,-0.0014002333722287208,-0.00601983002832851,-0.028595458368376736,0.004081879304713709
2026-01-28,-0.010983874737088062,-0.0032062700391877197,-0.0181818181818183,-8.16782735792998e-05
2026-01-29,-0.017485822306238186,-0.013581129378127166,-0.007054673721340388,-0.0012926284352460238
2026-01-30,0.003968253968253954,-0.0021739130434783593,-0.00444049733570151,-0.004301902278802894
2026-02-02,-0.008743562103245783,-0.000726216412490932,-0.002676181980374781,0.005391243444688998
2026-02-03,-0.03407443209279859,-0.01199127906976738,-0.033094812164579546,-0.008403999747722213
2026-02-04,0.0027520640480360736,-0.005884516366311154,-0.005550416281221104,-0.005072414535814085
2026-02-05,0.00885728542914177,-0.009988901220865709,-0.021395348837209394,-0.01225097054652824
2026-02-06,0.01644614813898837,0.022421524663676973,0.0038022813688214363,0.01969581077900684
2026-02-09,-0.00888077858880787,-0.005482456140350811,0.011363636363636243,0.0046910837672922145
2026-02-10,0.00908309807291019,0.02168320470415286,0.014981273408239737,-0.003303746543341979
2026-02-11,-0.03150468312857302,0.006834532374100588,0.01568265682656822,-4.897858051433612e-05
2026-02-12,-0.0472243154986185,0.004287245444801746,-0.06902815622161673,-0.015660947897203292
2026-02-13,0.013313999472712945,-0.004268943436499528,0.006829268292682933,0.0004990662631205733
2026-02-17,0.001691166905164465,0.027152554483744318,0.04941860465116288,0.0010312792104349988
2026-02-18,0.0128571428571429,0.0013913043478259723,0.026777469990766356,0.005566093154976803
2026-02-19,-0.012693935119887145,-0.009030913511635874,-0.01618705035971224,-0.0028221370640183485
2026-02-20,0.021688311688311757,0.007711181212758378,-0.02102376599634359,0.00693977898217546
2026-02-23,-0.03368501334689211,0.0059130434782608265,-0.01400560224089642,-0.010385685815636703
2026-02-24,0.026571954748750404,0.007952973720608547,-0.016098484848484862,0.007651639793791798
2026-02-25,0.05971296770886725,-0.00857632933104635,-0.022136669874879722,0.008136346945676998
2026-02-26,0.022853688029020658,-0.0034602076124566894,0.10039370078740162,-0.005365577666988752
2026-02-27,0.13772313512235468,-0.021874999999999978,0.20840787119856885,-0.00433935555214604
2026-03-02,0.008832086450540455,0.011714589989350266,-0.012583271650629113,0.0003983206568511921
2026-03-03,0.0062828303635802385,-0.010526315789473717,-0.06671664167916047,-0.009443997198334109
2026-03-04,0.009825997952916943,-0.00886524822695034,-0.032128514056224744,0.007756031939536001
2026-03-05,0.005169268193796928,0.0017889087656530744,-0.025726141078838194,-0.005646699177523806
2026-03-06,-0.001512554199858851,-0.0017857142857142794,0.021294718909710353,-0.013276804314631963
2026-03-09,-0.007069278933548806,-0.007155635062611743,-0.06672226855713104,0.008304129661336201
2026-03-10,-0.014035801464605369,0.0003603603603603567,-0.07685433422698829,-0.0021350826001804712
2026-03-11,-0.02114710129977304,0.0018011527377521652,-0.037754114230396985,-0.0008375752785526602
2026-03-12,-0.0061123406049109485,-0.013664149586479657,-0.014084507042253391,-0.015227722187786008
2026-03-13,0.010603329445445953,-0.01057236602260292,-0.008163265306122436,-0.006059089233314663
2026-03-16,-0.0011541286328822231,0.013633014001473986,-0.02263374485596714,0.010130891907499606
2026-03-17,-0.008823529411764786,0.004725554343874894,-0.028421052631578902,0.002494260662927017
2026-03-18,0.0036032217041119807,-0.01049204052098407,-0.024918743228602436,-0.013607619909798752
2026-03-19,-0.031256599788806794,0.01023765996343684,-0.004444444444444362,-0.0027488037194136616
2026-03-20,0.0008720296490081214,-0.007600434310531923,0.021205357142856984,-0.015138144460977054
2026-03-23,0.01698976257895879,-0.0007293946024800047,-0.0010928961748634114,0.011453197427795159
2026-03-24,-0.026343970871706923,-0.004379562043795526,0.003282275711159688,-0.003742592311198889
2026-03-25,0.01495820501539824,-0.0021994134897361795,0.0065430752453654595,0.005419157247074091
2026-03-26,0.01127004768097084,-0.005510653930933085,-0.037919826652220934,-0.01740621065246739
2026-03-27,0.001178739819974517,0.0,-0.01013513513513531,-0.016721834878249076
2026-03-30,-0.004923472118163463,0.0007388252678242058,0.014789533560864765,-0.003945767289228019
2026-03-31,0.034204582123265714,0.013658176448874126,0.011210762331838486,0.029131172245937753
2026-04-01,-0.006240249609984483,0.0010924981791695654,0.025498891352550013,0.007168546623124161
2026-04-02,0.03254840397697545,-0.006184066933430321,0.029189189189189113,0.0011208579962647125
2026-04-06,0.0027366713967160727,0.0032942898975110158,0.034663865546218586,0.0044267617038020735
2026-04-07,-0.0011118973011221556,-0.0014593214155417256,0.10659898477157359,0.0007592451711553316
2026-04-08,0.0057680631451124675,0.006576543660942624,-0.007339449541284404,0.025081420917808295
2026-04-09,0.026763255860750457,-0.0007259528130670878,0.0027726432532346745,0.006170009184983671
2026-04-10,0.009407153356198128,-0.003269160915364999,-0.021198156682027736,-0.001138518255854426
2026-04-13,0.0014561693039509827,-0.0018221574344023939,0.010357815442561424,0.010173260827151198
2026-04-14,0.03024428072896468,-0.0007301935012777871,0.032618825722273925,0.011782917818722538
2026-04-15,0.013455024463680854,-0.006211180124223614,0.05324909747292428,0.007975738369372598
2026-04-16,0.0007427351220872236,0.006985294117647145,0.005141388174807249,0.0026100143102256723
2026-04-17,-0.09722608776324337,0.0029207740051113706,0.0008525149190110604,0.012040424468278577
2026-04-20,-0.025485561607234697,-0.0018201674554058078,0.006814310051107331,-0.0023743836004749275
2026-04-21,-0.02372666877570384,-0.0040116703136398035,-0.017766497461929043,-0.006348165882230528
2026-04-22,0.0071289695398573105,0.0007323324789454411,0.01636520241171424,0.010460064467632257
2026-04-23,-0.0045045045045045695,-0.015733626051957494,-0.04491525423728826,-0.004132868210538154
2026-04-24,-0.004093945270415844,0.006319702602230581,-0.02661934338952965,0.007973664959765925
2026-04-27,-0.011575075724794437,-0.009235315847802017,-0.034639927073837784,0.0012323658633259793
2026-04-28,0.00985006019481216,0.004847129008202833,-0.006610009442870712,-0.004894123288415875
